type,date time,latitude,longitude,accuracy(m),altitude(m),geoid_height(m),speed(m/s),bearing(deg),sat_used,sat_inview,name,desc
T,2026-02-22 04:12:17,34.92088052,137.16609793,3.79,97.537,,0.000,,29,47,20260222-131217,GPS Logger: 20260222-131217 - 248-0222
T,2026-02-22 04:12:18,34.92087699,137.16610021,3.79,96.712,,0.000,,29,47,,
T,2026-02-22 04:12:19,34.92088904,137.16608882,3.79,93.217,,0.000,,31,47,,
T,2026-02-22 04:12:20,34.92089871,137.16608002,3.79,92.522,,0.000,,33,47,,
T,2026-02-22 04:12:21,34.92090348,137.16607442,3.79,92.460,,0.000,,34,47,,
T,2026-02-22 04:12:22,34.92091087,137.16607108,3.79,92.519,,0.000,,34,47,,
T,2026-02-22 04:12:23,34.92091400,137.16606581,3.79,92.047,,0.000,,35,47,,
T,2026-02-22 04:12:24,34.92091948,137.16606285,3.79,92.281,,0.000,,36,47,,
T,2026-02-22 04:12:25,34.92092403,137.16606065,3.79,90.662,,0.000,,36,47,,
T,2026-02-22 04:12:26,34.92092762,137.16606204,3.79,90.356,,0.000,,34,47,,
T,2026-02-22 04:12:27,34.92092977,137.16605943,3.79,90.240,,0.000,,32,47,,
T,2026-02-22 04:12:28,34.92092710,137.16606192,3.79,89.865,,0.000,,28,47,,
T,2026-02-22 04:12:29,34.92091975,137.16606525,3.79,89.723,,0.000,,28,47,,
T,2026-02-22 04:12:30,34.92091849,137.16606842,3.79,90.081,,0.000,,28,47,,
T,2026-02-22 04:12:31,34.92091907,137.16607087,3.79,89.781,,0.000,,28,47,,
T,2026-02-22 04:12:32,34.92092140,137.16606786,3.79,89.463,,0.000,,29,47,,
T,2026-02-22 04:12:33,34.92092162,137.16606910,3.79,89.384,,0.000,,29,47,,
T,2026-02-22 04:12:34,34.92092179,137.16606935,3.79,89.332,,0.000,,29,47,,
T,2026-02-22 04:12:35,34.92092260,137.16607327,3.79,89.061,,0.000,,30,47,,
T,2026-02-22 04:12:36,34.92092158,137.16607701,3.79,88.867,,0.000,,29,47,,
T,2026-02-22 04:12:37,34.92091664,137.16607536,3.79,88.844,,0.000,,28,47,,
T,2026-02-22 04:12:38,34.92091395,137.16607482,3.79,88.707,,0.000,,26,47,,
T,2026-02-22 04:12:39,34.92091227,137.16607450,3.79,89.459,,0.000,,27,47,,
T,2026-02-22 04:12:40,34.92090546,137.16607111,3.79,89.198,,0.000,,27,47,,
T,2026-02-22 04:12:41,34.92089948,137.16606878,3.79,89.801,,0.000,,31,47,,
T,2026-02-22 04:12:42,34.92089507,137.16606793,3.79,89.082,,0.000,,32,47,,
T,2026-02-22 04:12:43,34.92089202,137.16607079,3.79,89.146,,0.000,,32,47,,
T,2026-02-22 04:12:44,34.92089075,137.16607074,3.79,89.020,,0.000,,33,47,,
T,2026-02-22 04:12:45,34.92088711,137.16607215,3.79,89.180,,0.000,,33,47,,
T,2026-02-22 04:12:46,34.92088335,137.16607362,3.79,89.280,,0.000,,33,47,,
T,2026-02-22 04:12:47,34.92088173,137.16607643,3.79,89.070,,0.000,,33,47,,
T,2026-02-22 04:12:48,34.92087762,137.16607538,3.79,89.047,,0.000,,33,47,,
T,2026-02-22 04:12:49,34.92087395,137.16607602,3.79,88.946,,0.000,,32,47,,
T,2026-02-22 04:12:50,34.92087041,137.16607786,3.79,89.009,,0.000,,32,47,,
T,2026-02-22 04:12:51,34.92086784,137.16608150,3.79,88.797,,0.000,,32,47,,
T,2026-02-22 04:12:52,34.92086797,137.16608289,3.79,88.954,,0.000,,32,47,,
T,2026-02-22 04:12:53,34.92086979,137.16608171,3.79,88.981,,0.000,,32,47,,
T,2026-02-22 04:12:54,34.92087387,137.16607601,3.79,88.877,,0.000,,32,47,,
T,2026-02-22 04:12:55,34.92087865,137.16607893,3.79,89.168,,0.000,,33,47,,
T,2026-02-22 04:12:56,34.92088324,137.16608150,3.79,89.704,,0.000,,33,47,,
T,2026-02-22 04:12:57,34.92088549,137.16608348,3.79,90.150,,0.000,,33,47,,
T,2026-02-22 04:12:58,34.92088670,137.16608629,3.79,90.305,,0.000,,33,47,,
T,2026-02-22 04:12:59,34.92088524,137.16608076,3.79,90.399,,0.000,,33,47,,
T,2026-02-22 04:13:00,34.92088566,137.16607805,3.79,90.209,,0.000,,33,47,,
T,2026-02-22 04:13:01,34.92088302,137.16607713,3.79,90.147,,0.160,225,34,47,,
T,2026-02-22 04:13:02,34.92088135,137.16607966,3.79,90.264,,0.000,,34,47,,
T,2026-02-22 04:13:03,34.92088322,137.16608340,3.79,90.026,,0.000,,34,47,,
T,2026-02-22 04:13:04,34.92088247,137.16608449,3.79,90.056,,0.000,,34,47,,
T,2026-02-22 04:13:05,34.92088335,137.16608772,3.79,90.049,,0.000,,33,47,,
T,2026-02-22 04:13:06,34.92088286,137.16608075,3.79,90.352,,0.000,,31,47,,
T,2026-02-22 04:13:07,34.92088219,137.16607784,3.79,90.673,,0.000,,29,47,,
T,2026-02-22 04:13:08,34.92088363,137.16607967,3.79,90.921,,0.000,,28,47,,
T,2026-02-22 04:13:09,34.92089080,137.16607792,3.79,91.236,,0.000,,28,47,,
T,2026-02-22 04:13:10,34.92089254,137.16607635,3.79,91.272,,0.000,,27,47,,
T,2026-02-22 04:13:11,34.92089705,137.16607625,3.79,91.397,,0.000,,28,47,,
T,2026-02-22 04:13:12,34.92089485,137.16607414,3.79,91.394,,0.000,,28,47,,
T,2026-02-22 04:13:13,34.92089815,137.16607944,3.79,91.615,,0.000,,27,47,,
T,2026-02-22 04:13:14,34.92089986,137.16607732,3.79,92.368,,0.000,,28,47,,
T,2026-02-22 04:13:15,34.92090253,137.16607638,3.79,92.603,,0.000,,28,47,,
T,2026-02-22 04:13:16,34.92090758,137.16607117,3.79,92.471,,0.000,,29,47,,
T,2026-02-22 04:13:17,34.92090582,137.16606735,3.79,92.370,,0.000,,30,47,,
T,2026-02-22 04:13:18,34.92090441,137.16607070,3.79,92.559,,0.000,,31,47,,
T,2026-02-22 04:13:19,34.92090684,137.16607059,3.79,92.814,,0.000,,32,47,,
T,2026-02-22 04:13:20,34.92090209,137.16607126,3.79,92.919,,0.000,,32,47,,
T,2026-02-22 04:13:21,34.92089988,137.16607414,3.79,92.996,,0.000,,32,47,,
T,2026-02-22 04:13:22,34.92089617,137.16607617,3.79,93.061,,0.000,,32,47,,
T,2026-02-22 04:13:23,34.92089480,137.16607752,3.79,93.134,,0.000,,31,47,,
T,2026-02-22 04:13:24,34.92089226,137.16608101,3.79,93.526,,0.000,,30,47,,
T,2026-02-22 04:13:25,34.92089361,137.16608318,3.79,94.074,,0.000,,30,47,,
T,2026-02-22 04:13:26,34.92089027,137.16608153,3.79,93.884,,0.000,,30,47,,
T,2026-02-22 04:13:27,34.92088853,137.16608134,3.79,93.812,,0.000,,30,47,,
T,2026-02-22 04:13:28,34.92088658,137.16607935,3.79,93.659,,0.000,,30,47,,
T,2026-02-22 04:13:29,34.92088717,137.16608017,3.79,93.974,,0.000,,30,47,,
T,2026-02-22 04:13:30,34.92088406,137.16608342,3.79,94.143,,0.000,,31,47,,
T,2026-02-22 04:13:31,34.92088425,137.16608273,3.79,94.167,,0.220,108,29,47,,
T,2026-02-22 04:13:32,34.92088839,137.16607835,3.79,93.593,,0.000,,29,47,,
T,2026-02-22 04:13:33,34.92088811,137.16608002,3.79,93.184,,0.000,,30,47,,
T,2026-02-22 04:13:34,34.92089312,137.16608084,3.79,92.951,,0.000,,30,47,,
T,2026-02-22 04:13:35,34.92089492,137.16607937,3.79,92.918,,0.000,,31,47,,
T,2026-02-22 04:13:36,34.92089328,137.16607470,3.79,92.435,,0.000,,30,47,,
T,2026-02-22 04:13:37,34.92089463,137.16606932,3.79,91.976,,0.000,,30,47,,
T,2026-02-22 04:13:38,34.92089733,137.16606833,3.79,91.834,,0.000,,29,47,,
T,2026-02-22 04:13:39,34.92089692,137.16606347,3.79,91.265,,0.000,,29,47,,
T,2026-02-22 04:13:40,34.92089588,137.16606322,3.79,90.844,,0.000,,27,47,,
T,2026-02-22 04:13:41,34.92089969,137.16606143,3.79,90.461,,0.000,,26,47,,
T,2026-02-22 04:13:42,34.92089924,137.16605936,3.79,90.527,,0.000,,26,47,,
T,2026-02-22 04:13:43,34.92090185,137.16605902,3.79,90.523,,0.000,,26,47,,
T,2026-02-22 04:13:44,34.92090385,137.16605906,3.79,90.707,,0.000,,28,47,,
T,2026-02-22 04:13:45,34.92090403,137.16605869,3.79,90.919,,0.000,,28,47,,
T,2026-02-22 04:13:46,34.92090664,137.16606179,3.79,91.056,,0.000,,29,47,,
T,2026-02-22 04:13:47,34.92090784,137.16606085,3.79,91.108,,0.000,,30,47,,
T,2026-02-22 04:13:48,34.92090612,137.16606192,3.79,91.325,,0.000,,30,47,,
T,2026-02-22 04:13:49,34.92090631,137.16606054,3.79,91.256,,0.000,,30,47,,
T,2026-02-22 04:13:50,34.92090546,137.16606167,3.79,91.609,,0.000,,29,47,,
T,2026-02-22 04:13:51,34.92090533,137.16606462,3.79,91.196,,0.000,,29,47,,
T,2026-02-22 04:13:52,34.92090273,137.16606629,3.79,91.108,,0.000,,29,47,,
T,2026-02-22 04:13:53,34.92090155,137.16606874,3.79,90.554,,0.000,,30,47,,
T,2026-02-22 04:13:54,34.92090085,137.16607335,3.79,90.442,,0.000,,30,47,,
T,2026-02-22 04:13:55,34.92090042,137.16607118,3.79,90.084,,0.000,,30,47,,
T,2026-02-22 04:13:56,34.92090031,137.16607262,3.79,89.555,,0.000,,29,47,,
T,2026-02-22 04:13:57,34.92089786,137.16607458,3.79,89.192,,0.000,,29,47,,
T,2026-02-22 04:13:58,34.92089905,137.16607499,3.79,88.990,,0.000,,29,47,,
T,2026-02-22 04:13:59,34.92089930,137.16607428,3.79,88.776,,0.000,,28,47,,
T,2026-02-22 04:14:00,34.92089821,137.16607906,3.79,88.757,,0.000,,28,47,,
T,2026-02-22 04:14:01,34.92089900,137.16607867,3.79,88.755,,0.000,,28,47,,
T,2026-02-22 04:14:02,34.92089821,137.16608292,3.79,88.714,,0.000,,30,47,,
T,2026-02-22 04:14:03,34.92089580,137.16608203,3.79,88.940,,0.000,,30,47,,
T,2026-02-22 04:14:04,34.92089295,137.16608165,3.79,88.963,,0.000,,30,47,,
T,2026-02-22 04:14:05,34.92089053,137.16608098,3.79,88.856,,0.000,,30,47,,
T,2026-02-22 04:14:06,34.92088760,137.16608105,3.79,88.678,,0.000,,30,47,,
T,2026-02-22 04:14:07,34.92088489,137.16608149,3.79,88.358,,0.000,,30,47,,
T,2026-02-22 04:14:08,34.92088168,137.16608014,3.79,88.360,,0.000,,29,47,,
T,2026-02-22 04:14:09,34.92087672,137.16607511,3.79,88.073,,0.400,194,28,47,,
T,2026-02-22 04:14:10,34.92086859,137.16606658,3.79,88.373,,1.480,219,30,47,,
T,2026-02-22 04:14:11,34.92086479,137.16605155,3.79,88.223,,1.760,239,31,47,,
T,2026-02-22 04:14:12,34.92086123,137.16603130,3.79,87.754,,2.280,255,32,47,,
T,2026-02-22 04:14:13,34.92085569,137.16600357,3.79,87.545,,2.880,259,32,48,,
T,2026-02-22 04:14:14,34.92085224,137.16597111,3.79,87.326,,3.010,262,33,48,,
T,2026-02-22 04:14:15,34.92084909,137.16593925,3.79,86.641,,2.860,260,33,48,,
T,2026-02-22 04:14:16,34.92084537,137.16590846,3.79,86.310,,2.770,260,32,48,,
T,2026-02-22 04:14:17,34.92084209,137.16587945,3.79,86.090,,2.550,259,32,48,,
T,2026-02-22 04:14:18,34.92083969,137.16585331,3.79,85.811,,2.280,260,31,48,,
T,2026-02-22 04:14:19,34.92083750,137.16582951,3.79,85.567,,2.140,259,31,48,,
T,2026-02-22 04:14:20,34.92083412,137.16580249,3.79,85.250,,2.840,258,31,48,,
T,2026-02-22 04:14:21,34.92082859,137.16576956,3.79,85.222,,3.200,256,31,48,,
T,2026-02-22 04:14:22,34.92082182,137.16573829,3.79,85.057,,2.710,253,30,48,,
T,2026-02-22 04:14:23,34.92081450,137.16571173,3.79,84.913,,2.460,248,30,48,,
T,2026-02-22 04:14:24,34.92080801,137.16569295,3.79,84.118,,1.330,241,31,48,,
T,2026-02-22 04:14:25,34.92080445,137.16568341,3.79,84.121,,0.700,242,31,48,,
T,2026-02-22 04:14:26,34.92080550,137.16568087,3.79,83.827,,0.000,,32,48,,
T,2026-02-22 04:14:27,34.92080714,137.16568036,3.79,83.638,,0.000,,31,48,,
T,2026-02-22 04:14:28,34.92080783,137.16567870,3.79,83.538,,0.000,,31,48,,
T,2026-02-22 04:14:29,34.92080907,137.16567717,3.79,83.357,,0.000,,31,48,,
T,2026-02-22 04:14:30,34.92081031,137.16567587,3.79,83.324,,0.000,,30,48,,
T,2026-02-22 04:14:31,34.92081124,137.16567493,3.79,83.321,,0.000,,30,48,,
T,2026-02-22 04:14:32,34.92081227,137.16567418,3.79,83.190,,0.000,,31,48,,
T,2026-02-22 04:14:33,34.92081358,137.16567291,3.79,82.934,,0.000,,31,48,,
T,2026-02-22 04:14:34,34.92081466,137.16567198,3.79,82.732,,0.000,,31,48,,
T,2026-02-22 04:14:35,34.92081577,137.16567107,3.79,82.504,,0.000,,31,48,,
T,2026-02-22 04:14:36,34.92081640,137.16567045,3.79,82.382,,0.000,,31,48,,
T,2026-02-22 04:14:37,34.92081674,137.16566998,3.79,82.309,,0.000,,31,48,,
T,2026-02-22 04:14:38,34.92081691,137.16566973,3.79,82.303,,0.000,,30,48,,
T,2026-02-22 04:14:39,34.92081701,137.16566959,3.79,82.293,,0.000,,30,48,,
T,2026-02-22 04:14:40,34.92081705,137.16566949,3.79,82.291,,0.000,,30,48,,
T,2026-02-22 04:14:41,34.92081706,137.16566942,3.79,82.283,,0.000,,30,48,,
T,2026-02-22 04:14:42,34.92081706,137.16566937,3.79,82.277,,0.000,,30,48,,
T,2026-02-22 04:14:43,34.92081705,137.16566933,3.79,82.273,,0.000,,30,48,,
T,2026-02-22 04:14:44,34.92081704,137.16566930,3.79,82.270,,0.000,,30,48,,
T,2026-02-22 04:14:45,34.92081703,137.16566928,3.79,82.268,,0.000,,31,48,,
T,2026-02-22 04:14:46,34.92081701,137.16566926,3.79,82.267,,0.000,,31,48,,
T,2026-02-22 04:14:47,34.92081700,137.16566924,3.79,82.266,,0.000,,31,48,,
T,2026-02-22 04:14:48,34.92081699,137.16566922,3.79,82.265,,0.000,,30,48,,
T,2026-02-22 04:14:49,34.92081698,137.16566920,3.79,82.264,,0.000,,30,48,,
T,2026-02-22 04:14:50,34.92081697,137.16566919,3.79,82.264,,0.000,,31,48,,
T,2026-02-22 04:14:51,34.92081696,137.16566917,3.79,82.264,,0.000,,32,48,,
T,2026-02-22 04:14:52,34.92081695,137.16566916,3.79,82.262,,0.000,,31,48,,
T,2026-02-22 04:14:53,34.92081694,137.16566915,3.79,82.263,,0.000,,30,48,,
T,2026-02-22 04:14:54,34.92081692,137.16566915,3.79,82.262,,0.000,,31,48,,
T,2026-02-22 04:14:55,34.92081690,137.16566914,3.79,82.262,,0.000,,32,48,,
T,2026-02-22 04:14:56,34.92081689,137.16566912,3.79,82.261,,0.000,,32,48,,
T,2026-02-22 04:14:57,34.92081607,137.16566463,3.79,81.973,,0.540,242,32,49,,
T,2026-02-22 04:14:58,34.92081228,137.16564538,3.79,81.834,,2.690,255,33,49,,
T,2026-02-22 04:14:59,34.92080334,137.16561162,3.79,81.793,,3.590,251,33,49,,
T,2026-02-22 04:15:00,34.92079039,137.16557086,3.79,81.568,,4.230,249,33,49,,
T,2026-02-22 04:15:01,34.92077482,137.16552573,3.79,81.362,,4.640,247,34,49,,
T,2026-02-22 04:15:02,34.92075789,137.16547813,3.79,81.167,,4.820,247,34,49,,
T,2026-02-22 04:15:03,34.92074051,137.16543052,3.79,80.915,,4.700,247,33,49,,
T,2026-02-22 04:15:04,34.92072492,137.16539195,3.79,80.788,,3.260,244,33,49,,
T,2026-02-22 04:15:05,34.92071325,137.16536847,3.79,81.066,,1.890,239,33,49,,
T,2026-02-22 04:15:06,34.92070236,137.16535386,3.79,81.063,,1.710,227,32,49,,
T,2026-02-22 04:15:07,34.92069066,137.16534468,3.79,81.177,,1.420,210,31,49,,
T,2026-02-22 04:15:08,34.92066898,137.16533977,3.79,81.326,,3.310,189,32,49,,
T,2026-02-22 04:15:09,34.92063597,137.16534623,3.79,81.692,,4.050,169,33,49,,
T,2026-02-22 04:15:10,34.92060390,137.16539766,3.79,81.670,,5.050,138,33,49,,
T,2026-02-22 04:15:11,34.92056540,137.16543161,3.79,81.708,,5.620,142,32,49,,
T,2026-02-22 04:15:12,34.92052410,137.16546759,3.79,82.332,,5.930,142,32,49,,
T,2026-02-22 04:15:13,34.92049477,137.16551242,3.79,82.297,,5.430,122,32,49,,
T,2026-02-22 04:15:14,34.92044579,137.16554900,3.79,82.711,,6.410,150,32,49,,
T,2026-02-22 04:15:15,34.92040446,137.16559483,3.79,83.009,,6.280,140,32,49,,
T,2026-02-22 04:15:16,34.92036477,137.16563327,3.79,83.164,,5.160,143,32,49,,
T,2026-02-22 04:15:17,34.92032268,137.16568001,3.79,83.675,,6.200,139,32,49,,
T,2026-02-22 04:15:18,34.92027781,137.16572369,3.79,83.773,,6.320,142,32,49,,
T,2026-02-22 04:15:19,34.92023138,137.16576792,3.79,84.096,,6.530,142,32,49,,
T,2026-02-22 04:15:20,34.92018319,137.16581021,3.79,84.033,,6.640,144,32,49,,
T,2026-02-22 04:15:21,34.92013765,137.16585626,3.79,84.211,,6.850,143,32,49,,
T,2026-02-22 04:15:22,34.92008893,137.16590346,3.79,84.618,,6.860,142,32,49,,
T,2026-02-22 04:15:23,34.92004044,137.16594539,3.79,85.412,,6.750,143,32,49,,
T,2026-02-22 04:15:24,34.91999315,137.16599080,3.79,85.845,,6.780,143,32,49,,
T,2026-02-22 04:15:25,34.91994443,137.16603624,3.79,85.665,,6.820,143,32,49,,
T,2026-02-22 04:15:26,34.91989423,137.16608398,3.79,86.358,,6.910,142,32,49,,
T,2026-02-22 04:15:27,34.91984451,137.16613562,3.79,86.570,,7.120,141,32,49,,
T,2026-02-22 04:15:28,34.91979628,137.16618209,3.79,86.933,,7.180,142,31,49,,
T,2026-02-22 04:15:29,34.91974199,137.16623085,3.79,87.000,,7.340,142,31,49,,
T,2026-02-22 04:15:30,34.91968794,137.16628218,3.79,87.081,,7.680,141,31,49,,
T,2026-02-22 04:15:31,34.91964338,137.16632326,3.79,86.696,,6.010,143,32,49,,
T,2026-02-22 04:15:32,34.91960718,137.16635863,3.79,86.362,,4.350,143,32,49,,
T,2026-02-22 04:15:33,34.91958536,137.16638165,3.79,85.617,,2.450,135,32,49,,
T,2026-02-22 04:15:34,34.91957450,137.16639486,3.79,85.910,,0.930,131,32,49,,
T,2026-02-22 04:15:35,34.91956887,137.16640433,3.79,85.839,,0.730,137,32,49,,
T,2026-02-22 04:15:36,34.91955234,137.16642306,3.79,86.154,,2.330,138,32,49,,
T,2026-02-22 04:15:37,34.91952902,137.16643648,3.79,86.228,,3.520,156,31,49,,
T,2026-02-22 04:15:38,34.91949068,137.16644637,3.79,85.419,,5.360,170,33,49,,
T,2026-02-22 04:15:39,34.91943585,137.16644515,3.79,85.298,,6.660,185,33,49,,
T,2026-02-22 04:15:40,34.91937672,137.16643932,3.79,85.184,,7.040,187,32,49,,
T,2026-02-22 04:15:41,34.91931025,137.16643476,3.79,85.288,,7.560,184,33,49,,
T,2026-02-22 04:15:42,34.91923813,137.16642814,3.79,85.614,,7.960,185,33,49,,
T,2026-02-22 04:15:43,34.91917074,137.16641888,3.79,85.756,,7.440,184,33,49,,
T,2026-02-22 04:15:44,34.91911313,137.16641197,3.79,85.720,,6.350,185,31,49,,
T,2026-02-22 04:15:45,34.91906309,137.16640811,3.79,85.768,,4.580,184,31,49,,
T,2026-02-22 04:15:46,34.91902928,137.16640958,3.79,85.824,,2.800,168,31,49,,
T,2026-02-22 04:15:47,34.91900476,137.16642651,3.79,85.321,,2.800,146,30,49,,
T,2026-02-22 04:15:48,34.91897962,137.16644879,3.79,84.937,,3.430,144,29,49,,
T,2026-02-22 04:15:49,34.91895577,137.16646918,3.79,84.526,,3.340,146,29,49,,
T,2026-02-22 04:15:50,34.91892906,137.16649267,3.79,84.284,,3.750,148,27,49,,
T,2026-02-22 04:15:51,34.91889893,137.16651650,3.79,84.002,,4.120,149,27,49,,
T,2026-02-22 04:15:52,34.91886260,137.16654026,3.79,84.516,,4.610,153,27,49,,
T,2026-02-22 04:15:53,34.91882099,137.16655275,3.79,83.507,,5.170,169,28,49,,
T,2026-02-22 04:15:54,34.91877192,137.16655159,3.79,82.737,,5.890,187,28,49,,
T,2026-02-22 04:15:55,34.91871634,137.16653260,3.79,82.059,,6.710,202,28,49,,
T,2026-02-22 04:15:56,34.91865991,137.16650986,3.79,81.653,,6.990,203,28,49,,
T,2026-02-22 04:15:57,34.91859934,137.16647498,3.79,81.319,,7.500,204,28,49,,
T,2026-02-22 04:15:58,34.91853730,137.16644528,3.79,80.428,,7.560,206,28,49,,
T,2026-02-22 04:15:59,34.91848964,137.16640815,3.79,79.755,,5.890,213,27,49,,
T,2026-02-22 04:16:00,34.91845888,137.16637769,3.79,79.384,,3.380,221,27,49,,
T,2026-02-22 04:16:01,34.91843646,137.16636318,3.79,79.222,,1.970,199,27,49,,
T,2026-02-22 04:16:02,34.91840973,137.16636269,3.79,79.058,,2.610,160,27,49,,
T,2026-02-22 04:16:03,34.91839402,137.16638066,3.79,78.821,,3.060,123,30,49,,
T,2026-02-22 04:16:04,34.91838466,137.16641232,3.79,79.280,,3.530,102,30,49,,
T,2026-02-22 04:16:05,34.91837774,137.16645380,3.79,79.323,,4.490,98,30,49,,
T,2026-02-22 04:16:06,34.91837343,137.16649862,3.79,79.092,,4.380,97,30,49,,
T,2026-02-22 04:16:07,34.91836981,137.16654402,3.79,79.034,,3.970,97,30,49,,
T,2026-02-22 04:16:08,34.91836562,137.16658735,3.79,79.167,,3.710,101,31,49,,
T,2026-02-22 04:16:09,34.91836452,137.16661249,3.79,78.767,,1.720,101,28,49,,
T,2026-02-22 04:16:10,34.91836308,137.16662325,3.79,78.972,,0.300,99,28,49,,
T,2026-02-22 04:16:11,34.91836235,137.16662601,3.79,79.058,,0.170,100,29,49,,
T,2026-02-22 04:16:12,34.91836160,137.16662864,3.79,78.913,,0.190,100,29,49,,
T,2026-02-22 04:16:13,34.91836193,137.16663185,3.79,78.643,,0.000,,29,49,,
T,2026-02-22 04:16:14,34.91836222,137.16663280,3.79,78.772,,0.000,,32,49,,
T,2026-02-22 04:16:15,34.91836216,137.16663281,3.79,78.782,,0.000,,32,49,,
T,2026-02-22 04:16:16,34.91836187,137.16663279,3.79,78.736,,0.240,100,32,49,,
T,2026-02-22 04:16:17,34.91836036,137.16663304,3.79,79.328,,0.170,100,32,49,,
T,2026-02-22 04:16:18,34.91835950,137.16663317,3.79,80.309,,0.000,,32,49,,
T,2026-02-22 04:16:19,34.91836038,137.16663322,3.79,80.241,,0.000,,32,49,,
T,2026-02-22 04:16:20,34.91836174,137.16663283,3.79,80.358,,0.000,,30,49,,
T,2026-02-22 04:16:21,34.91836096,137.16663374,3.79,80.777,,0.240,100,30,49,,
T,2026-02-22 04:16:22,34.91836047,137.16663546,3.79,80.952,,0.000,,30,49,,
T,2026-02-22 04:16:23,34.91835996,137.16663578,3.79,81.154,,0.000,,30,49,,
T,2026-02-22 04:16:24,34.91835862,137.16663632,3.79,81.336,,0.000,,29,49,,
T,2026-02-22 04:16:25,34.91835771,137.16663627,3.79,81.436,,0.000,,29,49,,
T,2026-02-22 04:16:26,34.91835624,137.16663580,3.79,81.732,,0.000,,29,49,,
T,2026-02-22 04:16:27,34.91835511,137.16663510,3.79,82.144,,0.000,,29,49,,
T,2026-02-22 04:16:28,34.91835504,137.16663333,3.79,82.271,,0.000,,28,49,,
T,2026-02-22 04:16:29,34.91835397,137.16663612,3.79,82.133,,0.550,99,28,49,,
T,2026-02-22 04:16:30,34.91834987,137.16665642,3.79,82.109,,3.010,102,28,49,,
T,2026-02-22 04:16:31,34.91834390,137.16668953,3.79,81.967,,3.100,101,28,49,,
T,2026-02-22 04:16:32,34.91833889,137.16672075,3.79,82.039,,2.720,101,27,49,,
T,2026-02-22 04:16:33,34.91833381,137.16674918,3.79,81.944,,2.530,101,28,49,,
T,2026-02-22 04:16:34,34.91832907,137.16677675,3.79,82.458,,2.440,101,29,49,,
T,2026-02-22 04:16:35,34.91832435,137.16680311,3.79,82.436,,2.370,102,29,49,,
T,2026-02-22 04:16:36,34.91831989,137.16683069,3.79,82.588,,2.620,100,29,49,,
T,2026-02-22 04:16:37,34.91831644,137.16685695,3.79,82.710,,2.220,99,29,48,,
T,2026-02-22 04:16:38,34.91831483,137.16688034,3.79,82.867,,2.160,96,29,48,,
T,2026-02-22 04:16:39,34.91831394,137.16690715,3.79,83.067,,2.660,93,29,48,,
T,2026-02-22 04:16:40,34.91831451,137.16693824,3.79,83.039,,3.070,90,30,48,,
T,2026-02-22 04:16:41,34.91831658,137.16697610,3.79,83.047,,3.840,87,29,48,,
T,2026-02-22 04:16:42,34.91831989,137.16702021,3.79,83.211,,4.200,86,30,48,,
T,2026-02-22 04:16:43,34.91832334,137.16706500,3.79,83.344,,3.980,85,30,48,,
T,2026-02-22 04:16:44,34.91832627,137.16710671,3.79,83.093,,3.630,87,30,48,,
T,2026-02-22 04:16:45,34.91832726,137.16714001,3.79,83.476,,2.550,89,30,48,,
T,2026-02-22 04:16:46,34.91832551,137.16716605,3.79,83.742,,2.320,96,30,48,,
T,2026-02-22 04:16:47,34.91831677,137.16719887,3.79,83.914,,3.760,108,30,48,,
T,2026-02-22 04:16:48,34.91829727,137.16723849,3.79,84.180,,4.490,122,30,48,,
T,2026-02-22 04:16:49,34.91825017,137.16726644,3.79,84.091,,5.300,148,30,48,,
T,2026-02-22 04:16:50,34.91820584,137.16729602,3.79,83.963,,5.990,153,30,48,,
T,2026-02-22 04:16:51,34.91815943,137.16731692,3.79,83.904,,5.710,166,30,48,,
T,2026-02-22 04:16:52,34.91810759,137.16732150,3.79,82.906,,5.950,177,30,48,,
T,2026-02-22 04:16:53,34.91805688,137.16732435,3.79,82.610,,6.010,178,30,48,,
T,2026-02-22 04:16:54,34.91800352,137.16732883,3.79,82.349,,5.980,175,30,48,,
T,2026-02-22 04:16:55,34.91794768,137.16733361,3.79,82.278,,6.120,176,30,48,,
T,2026-02-22 04:16:56,34.91789052,137.16733779,3.79,81.892,,6.420,176,30,48,,
T,2026-02-22 04:16:57,34.91783137,137.16734232,3.79,81.577,,6.490,176,30,48,,
T,2026-02-22 04:16:58,34.91777502,137.16734817,3.79,81.254,,6.400,175,30,48,,
T,2026-02-22 04:16:59,34.91771609,137.16735165,3.79,80.939,,6.920,177,30,48,,
T,2026-02-22 04:17:00,34.91764836,137.16735340,3.79,80.862,,7.840,178,30,48,,
T,2026-02-22 04:17:01,34.91757682,137.16735581,3.79,80.867,,8.170,178,30,48,,
T,2026-02-22 04:17:02,34.91750312,137.16736016,3.79,80.823,,8.450,178,30,48,,
T,2026-02-22 04:17:03,34.91742739,137.16736410,3.79,80.645,,8.540,178,30,48,,
T,2026-02-22 04:17:04,34.91734984,137.16736918,3.79,80.297,,8.640,177,30,48,,
T,2026-02-22 04:17:05,34.91727381,137.16737633,3.79,79.884,,8.410,174,30,48,,
T,2026-02-22 04:17:06,34.91720315,137.16738236,3.79,79.878,,7.460,174,30,48,,
T,2026-02-22 04:17:07,34.91713641,137.16739205,3.79,80.779,,7.140,170,30,48,,
T,2026-02-22 04:17:08,34.91707415,137.16739825,3.79,80.098,,6.740,176,30,48,,
T,2026-02-22 04:17:09,34.91701210,137.16740757,3.79,80.000,,7.120,175,30,48,,
T,2026-02-22 04:17:10,34.91694744,137.16741294,3.79,79.851,,7.230,176,30,48,,
T,2026-02-22 04:17:11,34.91688097,137.16741892,3.79,79.426,,7.450,177,30,48,,
T,2026-02-22 04:17:12,34.91681428,137.16742254,3.79,79.205,,7.480,178,30,48,,
T,2026-02-22 04:17:13,34.91674821,137.16742142,3.79,78.825,,7.550,182,30,48,,
T,2026-02-22 04:17:14,34.91667797,137.16741963,3.79,78.618,,7.840,182,30,48,,
T,2026-02-22 04:17:15,34.91660739,137.16742062,3.79,78.285,,8.020,178,30,48,,
T,2026-02-22 04:17:16,34.91653103,137.16742701,3.79,78.082,,8.630,174,30,48,,
T,2026-02-22 04:17:17,34.91645369,137.16743611,3.79,77.854,,8.670,173,30,48,,
T,2026-02-22 04:17:18,34.91637500,137.16744737,3.79,77.369,,8.900,173,30,48,,
T,2026-02-22 04:17:19,34.91629445,137.16746635,3.79,77.015,,9.380,168,30,48,,
T,2026-02-22 04:17:20,34.91620628,137.16748778,3.79,76.803,,10.190,168,30,48,,
T,2026-02-22 04:17:21,34.91611263,137.16750592,3.79,76.282,,10.710,171,30,48,,
T,2026-02-22 04:17:22,34.91601349,137.16752134,3.79,75.729,,11.530,174,30,48,,
T,2026-02-22 04:17:23,34.91590768,137.16753167,3.79,75.340,,12.000,176,30,48,,
T,2026-02-22 04:17:24,34.91580105,137.16754358,3.79,74.781,,11.990,175,30,48,,
T,2026-02-22 04:17:25,34.91569127,137.16755393,3.79,74.217,,12.260,176,30,48,,
T,2026-02-22 04:17:26,34.91558137,137.16756557,3.79,73.638,,12.370,175,30,48,,
T,2026-02-22 04:17:27,34.91546998,137.16757586,3.79,73.164,,12.510,176,30,48,,
T,2026-02-22 04:17:28,34.91535555,137.16758760,3.79,72.440,,12.840,175,30,48,,
T,2026-02-22 04:17:29,34.91523988,137.16759985,3.79,71.905,,13.110,175,30,48,,
T,2026-02-22 04:17:30,34.91512133,137.16761035,3.79,71.372,,13.270,176,29,48,,
T,2026-02-22 04:17:31,34.91500250,137.16762154,3.79,70.767,,13.200,175,29,48,,
T,2026-02-22 04:17:32,34.91488396,137.16763219,3.79,70.067,,13.310,176,29,48,,
T,2026-02-22 04:17:33,34.91476311,137.16764021,3.79,69.377,,13.630,177,29,48,,
T,2026-02-22 04:17:34,34.91464318,137.16764937,3.79,69.169,,13.520,177,30,48,,
T,2026-02-22 04:17:35,34.91452288,137.16765736,3.79,68.763,,13.530,177,30,48,,
T,2026-02-22 04:17:36,34.91440148,137.16766840,3.79,68.204,,13.550,176,30,48,,
T,2026-02-22 04:17:37,34.91428039,137.16768090,3.79,67.727,,13.540,175,30,48,,
T,2026-02-22 04:17:38,34.91415876,137.16769458,3.79,67.428,,13.510,175,30,48,,
T,2026-02-22 04:17:39,34.91403853,137.16770725,3.79,67.316,,13.480,175,30,48,,
T,2026-02-22 04:17:40,34.91391897,137.16772385,3.79,67.221,,13.380,174,31,48,,
T,2026-02-22 04:17:41,34.91380158,137.16774030,3.79,66.678,,13.260,174,31,48,,
T,2026-02-22 04:17:42,34.91368172,137.16775503,3.79,66.287,,13.140,174,31,48,,
T,2026-02-22 04:17:43,34.91356473,137.16777149,3.79,66.272,,12.970,174,31,48,,
T,2026-02-22 04:17:44,34.91344968,137.16778534,3.79,66.311,,12.760,174,31,48,,
T,2026-02-22 04:17:45,34.91333596,137.16779988,3.79,66.411,,12.460,174,30,48,,
T,2026-02-22 04:17:46,34.91322586,137.16781442,3.79,66.253,,12.220,174,29,48,,
T,2026-02-22 04:17:47,34.91311561,137.16783217,3.79,66.037,,12.290,172,29,48,,
T,2026-02-22 04:17:48,34.91300397,137.16785194,3.79,65.864,,12.140,170,29,48,,
T,2026-02-22 04:17:49,34.91289832,137.16787776,3.79,65.967,,12.010,168,29,47,,
T,2026-02-22 04:17:50,34.91279426,137.16790418,3.79,65.973,,11.650,167,29,47,,
T,2026-02-22 04:17:51,34.91269493,137.16793230,3.79,65.769,,11.160,166,29,47,,
T,2026-02-22 04:17:52,34.91259945,137.16796262,3.79,65.729,,10.740,164,29,47,,
T,2026-02-22 04:17:53,34.91250870,137.16799536,3.79,65.693,,10.330,163,29,47,,
T,2026-02-22 04:17:54,34.91242125,137.16802789,3.79,65.544,,9.930,162,29,47,,
T,2026-02-22 04:17:55,34.91233659,137.16806324,3.79,65.315,,10.020,161,30,47,,
T,2026-02-22 04:17:56,34.91224933,137.16810100,3.79,65.295,,10.470,160,30,47,,
T,2026-02-22 04:17:57,34.91215840,137.16814214,3.79,65.450,,10.920,159,30,47,,
T,2026-02-22 04:17:58,34.91207272,137.16818514,3.79,66.111,,10.480,157,30,47,,
T,2026-02-22 04:17:59,34.91198581,137.16823079,3.79,65.857,,10.650,156,30,47,,
T,2026-02-22 04:18:00,34.91189923,137.16828429,3.79,65.818,,10.830,153,30,47,,
T,2026-02-22 04:18:01,34.91181127,137.16834380,3.79,65.656,,11.280,151,30,47,,
T,2026-02-22 04:18:02,34.91172104,137.16840793,3.79,65.634,,11.920,150,30,47,,
T,2026-02-22 04:18:03,34.91162837,137.16847735,3.79,65.806,,12.380,148,30,47,,
T,2026-02-22 04:18:04,34.91153459,137.16855249,3.79,65.767,,12.720,147,30,47,,
T,2026-02-22 04:18:05,34.91144004,137.16863237,3.79,65.846,,12.970,145,30,47,,
T,2026-02-22 04:18:06,34.91134598,137.16871594,3.79,66.070,,13.280,145,30,47,,
T,2026-02-22 04:18:07,34.91124968,137.16879934,3.79,66.386,,13.250,142,30,47,,
T,2026-02-22 04:18:08,34.91115687,137.16889300,3.79,66.445,,13.260,140,30,47,,
T,2026-02-22 04:18:09,34.91106774,137.16899000,3.79,66.675,,13.190,137,30,47,,
T,2026-02-22 04:18:10,34.91098148,137.16908382,3.79,66.978,,12.670,138,30,47,,
T,2026-02-22 04:18:11,34.91089943,137.16916845,3.79,67.600,,11.750,138,30,47,,
T,2026-02-22 04:18:12,34.91082233,137.16925338,3.79,67.890,,11.000,139,30,47,,
T,2026-02-22 04:18:13,34.91074978,137.16933160,3.79,68.208,,10.300,138,30,47,,
T,2026-02-22 04:18:14,34.91068200,137.16940320,3.79,68.711,,9.380,139,30,47,,
T,2026-02-22 04:18:15,34.91062420,137.16946430,3.79,69.142,,7.850,139,30,47,,
T,2026-02-22 04:18:16,34.91057986,137.16951326,3.79,69.399,,5.960,140,30,47,,
T,2026-02-22 04:18:17,34.91054115,137.16955216,3.79,69.667,,4.850,140,30,47,,
T,2026-02-22 04:18:18,34.91050615,137.16958892,3.79,69.913,,4.770,140,30,47,,
T,2026-02-22 04:18:19,34.91047001,137.16962722,3.79,70.272,,5.110,140,29,48,,
T,2026-02-22 04:18:20,34.91043871,137.16966037,3.79,70.218,,4.580,140,29,48,,
T,2026-02-22 04:18:21,34.91040969,137.16969267,3.79,70.263,,3.910,140,29,48,,
T,2026-02-22 04:18:22,34.91038359,137.16971733,3.79,70.363,,3.310,139,30,48,,
T,2026-02-22 04:18:23,34.91036337,137.16973920,3.79,70.426,,2.760,140,30,48,,
T,2026-02-22 04:18:24,34.91034600,137.16975772,3.79,70.628,,2.210,139,30,48,,
T,2026-02-22 04:18:25,34.91033320,137.16977063,3.79,70.880,,1.570,140,30,48,,
T,2026-02-22 04:18:26,34.91032358,137.16978088,3.79,71.058,,1.030,140,30,48,,
T,2026-02-22 04:18:27,34.91031704,137.16978663,3.79,70.928,,0.930,140,30,48,,
T,2026-02-22 04:18:28,34.91031476,137.16978810,3.79,71.245,,0.370,140,30,48,,
T,2026-02-22 04:18:29,34.91031515,137.16978617,3.79,71.248,,0.000,,30,48,,
T,2026-02-22 04:18:30,34.91031478,137.16978338,3.79,70.838,,0.000,,30,48,,
T,2026-02-22 04:18:31,34.91031536,137.16978208,3.79,70.583,,0.000,,30,48,,
T,2026-02-22 04:18:32,34.91031610,137.16978032,3.79,70.120,,0.000,,30,48,,
T,2026-02-22 04:18:33,34.91031644,137.16977760,3.79,69.640,,0.000,,30,48,,
T,2026-02-22 04:18:34,34.91031679,137.16977617,3.79,69.352,,0.000,,30,48,,
T,2026-02-22 04:18:35,34.91031717,137.16977485,3.79,68.999,,0.000,,30,48,,
T,2026-02-22 04:18:36,34.91031700,137.16977336,3.79,68.660,,0.000,,30,48,,
T,2026-02-22 04:18:37,34.91031757,137.16977311,3.79,68.494,,0.000,,30,48,,
T,2026-02-22 04:18:38,34.91031797,137.16977303,3.79,68.138,,0.000,,30,48,,
T,2026-02-22 04:18:39,34.91031871,137.16977234,3.79,67.803,,0.000,,30,48,,
T,2026-02-22 04:18:40,34.91031892,137.16977215,3.79,67.674,,0.000,,30,48,,
T,2026-02-22 04:18:41,34.91031908,137.16977226,3.79,67.671,,0.000,,30,48,,
T,2026-02-22 04:18:42,34.91031912,137.16977222,3.79,67.678,,0.000,,30,48,,
T,2026-02-22 04:18:43,34.91031913,137.16977236,3.79,67.696,,0.000,,30,48,,
T,2026-02-22 04:18:44,34.91031913,137.16977248,3.79,67.715,,0.000,,30,48,,
T,2026-02-22 04:18:45,34.91031912,137.16977254,3.79,67.730,,0.000,,30,48,,
T,2026-02-22 04:18:46,34.91031913,137.16977258,3.79,67.744,,0.000,,30,48,,
T,2026-02-22 04:18:47,34.91031912,137.16977257,3.79,67.750,,0.000,,30,48,,
T,2026-02-22 04:18:48,34.91031911,137.16977258,3.79,67.753,,0.000,,30,48,,
T,2026-02-22 04:18:49,34.91031910,137.16977260,3.79,67.755,,0.000,,30,48,,
T,2026-02-22 04:18:50,34.91031908,137.16977262,3.79,67.756,,0.000,,30,48,,
T,2026-02-22 04:18:51,34.91031907,137.16977264,3.79,67.759,,0.000,,30,48,,
T,2026-02-22 04:18:52,34.91031905,137.16977265,3.79,67.761,,0.000,,30,48,,
T,2026-02-22 04:18:53,34.91031904,137.16977266,3.79,67.762,,0.000,,30,48,,
T,2026-02-22 04:18:54,34.91031902,137.16977267,3.79,67.762,,0.000,,30,48,,
T,2026-02-22 04:18:55,34.91031900,137.16977268,3.79,67.762,,0.000,,30,48,,
T,2026-02-22 04:18:56,34.91031899,137.16977270,3.79,67.762,,0.000,,30,48,,
T,2026-02-22 04:18:57,34.91031897,137.16977270,3.79,67.762,,0.000,,30,48,,
T,2026-02-22 04:18:58,34.91031897,137.16977271,3.79,67.762,,0.000,,30,48,,
T,2026-02-22 04:18:59,34.91031895,137.16977272,3.79,67.763,,0.000,,30,48,,
T,2026-02-22 04:19:00,34.91031895,137.16977274,3.79,67.766,,0.000,,30,48,,
T,2026-02-22 04:19:01,34.91031894,137.16977277,3.79,67.768,,0.000,,30,48,,
T,2026-02-22 04:19:02,34.91031895,137.16977278,3.79,67.770,,0.000,,30,48,,
T,2026-02-22 04:19:03,34.91031893,137.16977280,3.79,67.775,,0.000,,30,48,,
T,2026-02-22 04:19:04,34.91031893,137.16977283,3.79,67.779,,0.000,,30,48,,
T,2026-02-22 04:19:05,34.91031894,137.16977285,3.79,67.783,,0.000,,30,48,,
T,2026-02-22 04:19:06,34.91031895,137.16977288,3.79,67.787,,0.000,,30,48,,
T,2026-02-22 04:19:07,34.91031896,137.16977291,3.79,67.791,,0.000,,30,48,,
T,2026-02-22 04:19:08,34.91031895,137.16977293,3.79,67.793,,0.000,,30,48,,
T,2026-02-22 04:19:09,34.91031896,137.16977296,3.79,67.793,,0.000,,30,48,,
T,2026-02-22 04:19:10,34.91031897,137.16977299,3.79,67.795,,0.000,,30,48,,
T,2026-02-22 04:19:11,34.91031897,137.16977301,3.79,67.796,,0.000,,30,48,,
T,2026-02-22 04:19:12,34.91031897,137.16977304,3.79,67.797,,0.000,,30,48,,
T,2026-02-22 04:19:13,34.91031898,137.16977307,3.79,67.799,,0.000,,29,48,,
T,2026-02-22 04:19:14,34.91031899,137.16977310,3.79,67.800,,0.000,,27,48,,
T,2026-02-22 04:19:15,34.91031898,137.16977312,3.79,67.801,,0.000,,27,48,,
T,2026-02-22 04:19:16,34.91031899,137.16977317,3.79,67.807,,0.000,,28,48,,
T,2026-02-22 04:19:17,34.91031899,137.16977320,3.79,67.808,,0.000,,28,48,,
T,2026-02-22 04:19:18,34.91031898,137.16977321,3.79,67.809,,0.000,,27,48,,
T,2026-02-22 04:19:19,34.91031897,137.16977323,3.79,67.810,,0.000,,27,48,,
T,2026-02-22 04:19:20,34.91031205,137.16978282,3.79,68.448,,0.980,140,28,48,,
T,2026-02-22 04:19:21,34.91029711,137.16979909,3.79,68.534,,3.160,140,29,48,,
T,2026-02-22 04:19:22,34.91027347,137.16982463,3.79,68.723,,3.740,140,29,48,,
T,2026-02-22 04:19:23,34.91024600,137.16985354,3.79,69.360,,4.290,140,30,48,,
T,2026-02-22 04:19:24,34.91021674,137.16988945,3.79,69.893,,5.080,141,30,48,,
T,2026-02-22 04:19:25,34.91017888,137.16993013,3.79,70.100,,6.120,140,30,48,,
T,2026-02-22 04:19:26,34.91013431,137.16997832,3.79,70.296,,6.920,140,30,48,,
T,2026-02-22 04:19:27,34.91008311,137.17003155,3.79,70.640,,7.670,139,30,48,,
T,2026-02-22 04:19:28,34.91002667,137.17008468,3.79,71.309,,8.390,139,30,48,,
T,2026-02-22 04:19:29,34.90996616,137.17014672,3.79,71.542,,9.040,140,30,48,,
T,2026-02-22 04:19:30,34.90990052,137.17021525,3.79,71.711,,9.830,139,30,48,,
T,2026-02-22 04:19:31,34.90982788,137.17028894,3.79,71.992,,10.570,139,30,48,,
T,2026-02-22 04:19:32,34.90975285,137.17036605,3.79,72.240,,11.160,140,30,48,,
T,2026-02-22 04:19:33,34.90967374,137.17044715,3.79,72.470,,11.690,140,30,48,,
T,2026-02-22 04:19:34,34.90959310,137.17053117,3.79,72.985,,12.040,140,30,48,,
T,2026-02-22 04:19:35,34.90951187,137.17061615,3.79,73.540,,12.350,140,30,48,,
T,2026-02-22 04:19:36,34.90942624,137.17070162,3.79,74.259,,12.420,140,30,48,,
T,2026-02-22 04:19:37,34.90934078,137.17078916,3.79,74.879,,12.570,141,30,48,,
T,2026-02-22 04:19:38,34.90924944,137.17087360,3.79,75.432,,12.640,143,30,48,,
T,2026-02-22 04:19:39,34.90915819,137.17095638,3.79,75.873,,12.680,144,30,48,,
T,2026-02-22 04:19:40,34.90906372,137.17103734,3.79,76.252,,12.800,145,30,48,,
T,2026-02-22 04:19:41,34.90896681,137.17111724,3.79,76.677,,12.810,146,30,48,,
T,2026-02-22 04:19:42,34.90886790,137.17119497,3.79,76.993,,12.790,147,30,48,,
T,2026-02-22 04:19:43,34.90876972,137.17127229,3.79,77.292,,12.930,148,30,48,,
T,2026-02-22 04:19:44,34.90867218,137.17134756,3.79,77.649,,13.060,148,30,48,,
T,2026-02-22 04:19:45,34.90856895,137.17142051,3.79,77.537,,13.140,150,30,48,,
T,2026-02-22 04:19:46,34.90846373,137.17149062,3.79,77.446,,13.130,153,30,48,,
T,2026-02-22 04:19:47,34.90835847,137.17155236,3.79,77.236,,12.940,156,30,48,,
T,2026-02-22 04:19:48,34.90825138,137.17161218,3.79,77.371,,12.940,156,30,48,,
T,2026-02-22 04:19:49,34.90814393,137.17167019,3.79,77.058,,13.150,157,30,48,,
T,2026-02-22 04:19:50,34.90803173,137.17172311,3.79,76.916,,13.480,159,30,48,,
T,2026-02-22 04:19:51,34.90791850,137.17177589,3.79,76.326,,13.600,160,29,48,,
T,2026-02-22 04:19:52,34.90780567,137.17182481,3.79,75.925,,13.430,163,29,48,,
T,2026-02-22 04:19:53,34.90769233,137.17186856,3.79,75.770,,13.390,163,30,48,,
T,2026-02-22 04:19:54,34.90757835,137.17191110,3.79,75.437,,13.470,162,30,48,,
T,2026-02-22 04:19:55,34.90746542,137.17195478,3.79,75.068,,13.440,162,30,48,,
T,2026-02-22 04:19:56,34.90735232,137.17199877,3.79,74.895,,13.370,162,30,48,,
T,2026-02-22 04:19:57,34.90723922,137.17204563,3.79,74.297,,13.260,162,30,48,,
T,2026-02-22 04:19:58,34.90712606,137.17209205,3.79,73.708,,13.140,161,30,48,,
T,2026-02-22 04:19:59,34.90701694,137.17213678,3.79,73.261,,12.600,161,30,48,,
T,2026-02-22 04:20:00,34.90691205,137.17217917,3.79,72.962,,11.970,162,30,48,,
T,2026-02-22 04:20:01,34.90681754,137.17221756,3.79,72.660,,10.650,162,30,48,,
T,2026-02-22 04:20:02,34.90672558,137.17225275,3.79,72.293,,10.440,162,30,48,,
T,2026-02-22 04:20:03,34.90663720,137.17228756,3.79,71.703,,10.100,162,30,48,,
T,2026-02-22 04:20:04,34.90655170,137.17232179,3.79,71.303,,9.800,162,29,48,,
T,2026-02-22 04:20:05,34.90646719,137.17235534,3.79,70.910,,9.840,162,29,48,,
T,2026-02-22 04:20:06,34.90638249,137.17238859,3.79,70.601,,9.800,162,30,48,,
T,2026-02-22 04:20:07,34.90629952,137.17242262,3.79,70.526,,9.670,162,30,48,,
T,2026-02-22 04:20:08,34.90621789,137.17245483,3.79,70.394,,9.540,162,30,48,,
T,2026-02-22 04:20:09,34.90613794,137.17248714,3.79,70.303,,9.320,162,30,48,,
T,2026-02-22 04:20:10,34.90606616,137.17251407,3.79,69.893,,7.960,162,30,48,,
T,2026-02-22 04:20:11,34.90600356,137.17253865,3.79,69.558,,6.860,162,30,48,,
T,2026-02-22 04:20:12,34.90594940,137.17255920,3.79,69.481,,5.750,161,30,48,,
T,2026-02-22 04:20:13,34.90590440,137.17257564,3.79,69.473,,4.600,161,29,48,,
T,2026-02-22 04:20:14,34.90587260,137.17258793,3.79,69.369,,3.120,162,29,48,,
T,2026-02-22 04:20:15,34.90583859,137.17260207,3.79,69.319,,3.680,161,29,48,,
T,2026-02-22 04:20:16,34.90580483,137.17261616,3.79,69.134,,4.010,161,30,48,,
T,2026-02-22 04:20:17,34.90576498,137.17263385,3.79,69.147,,4.850,161,30,48,,
T,2026-02-22 04:20:18,34.90571578,137.17265433,3.79,68.835,,6.400,161,30,48,,
T,2026-02-22 04:20:19,34.90565633,137.17267951,3.79,68.616,,7.490,161,29,48,,
T,2026-02-22 04:20:20,34.90558976,137.17270685,3.79,68.279,,8.240,161,29,48,,
T,2026-02-22 04:20:21,34.90552196,137.17273611,3.79,68.096,,8.200,161,30,48,,
T,2026-02-22 04:20:22,34.90545240,137.17276548,3.79,67.913,,8.210,161,29,48,,
T,2026-02-22 04:20:23,34.90538125,137.17279354,3.79,67.487,,8.430,161,29,48,,
T,2026-02-22 04:20:24,34.90530373,137.17282619,3.79,67.271,,9.310,162,29,48,,
T,2026-02-22 04:20:25,34.90522039,137.17286015,3.79,67.203,,10.080,162,28,48,,
T,2026-02-22 04:20:26,34.90513269,137.17289425,3.79,66.969,,10.650,161,29,48,,
T,2026-02-22 04:20:27,34.90503989,137.17293285,3.79,67.063,,11.350,162,30,48,,
T,2026-02-22 04:20:28,34.90494071,137.17297238,3.79,66.792,,11.930,162,31,48,,
T,2026-02-22 04:20:29,34.90483814,137.17301004,3.79,66.766,,12.160,162,31,48,,
T,2026-02-22 04:20:30,34.90473397,137.17305104,3.79,66.877,,12.480,162,31,48,,
T,2026-02-22 04:20:31,34.90462439,137.17309229,3.79,67.026,,12.850,163,31,48,,
T,2026-02-22 04:20:32,34.90451232,137.17313437,3.79,67.056,,13.130,162,31,48,,
T,2026-02-22 04:20:33,34.90439908,137.17317820,3.79,67.456,,12.960,162,31,48,,
T,2026-02-22 04:20:34,34.90428831,137.17321939,3.79,68.236,,12.780,163,31,48,,
T,2026-02-22 04:20:35,34.90417937,137.17326076,3.79,68.748,,12.600,163,31,48,,
T,2026-02-22 04:20:36,34.90407110,137.17330321,3.79,69.362,,12.460,163,31,48,,
T,2026-02-22 04:20:37,34.90396274,137.17334467,3.79,69.810,,12.450,163,30,48,,
T,2026-02-22 04:20:38,34.90385671,137.17338480,3.79,70.306,,12.380,163,30,48,,
T,2026-02-22 04:20:39,34.90375027,137.17342640,3.79,70.513,,12.310,162,30,48,,
T,2026-02-22 04:20:40,34.90364463,137.17346785,3.79,70.991,,12.270,162,30,48,,
T,2026-02-22 04:20:41,34.90354187,137.17350889,3.79,71.718,,12.070,162,30,48,,
T,2026-02-22 04:20:42,34.90345157,137.17354618,3.79,72.098,,10.120,161,30,48,,
T,2026-02-22 04:20:43,34.90336795,137.17357982,3.79,72.515,,9.300,161,30,48,,
T,2026-02-22 04:20:44,34.90329062,137.17361144,3.79,72.640,,8.910,162,31,48,,
T,2026-02-22 04:20:45,34.90321683,137.17363871,3.79,73.248,,8.510,162,31,48,,
T,2026-02-22 04:20:46,34.90314060,137.17366924,3.79,73.275,,8.890,162,31,48,,
T,2026-02-22 04:20:47,34.90306179,137.17369944,3.79,73.397,,9.190,162,31,48,,
T,2026-02-22 04:20:48,34.90298515,137.17372925,3.79,73.559,,9.140,162,31,48,,
T,2026-02-22 04:20:49,34.90290597,137.17376141,3.79,73.302,,9.130,162,31,48,,
T,2026-02-22 04:20:50,34.90281858,137.17378820,3.79,73.268,,10.390,166,31,48,,
T,2026-02-22 04:20:51,34.90272059,137.17381522,3.79,73.207,,11.690,168,31,48,,
T,2026-02-22 04:20:52,34.90261594,137.17384497,3.79,72.906,,12.490,167,31,48,,
T,2026-02-22 04:20:53,34.90250562,137.17387992,3.79,72.611,,12.970,165,31,48,,
T,2026-02-22 04:20:54,34.90239156,137.17392011,3.79,72.433,,13.350,162,31,48,,
T,2026-02-22 04:20:55,34.90227677,137.17396915,3.79,72.247,,13.780,160,31,48,,
T,2026-02-22 04:20:56,34.90215913,137.17402630,3.79,72.129,,14.220,157,31,48,,
T,2026-02-22 04:20:57,34.90204014,137.17408615,3.79,71.779,,14.530,157,31,48,,
T,2026-02-22 04:20:58,34.90191752,137.17414172,3.79,71.718,,14.680,160,31,48,,
T,2026-02-22 04:20:59,34.90179154,137.17419432,3.79,71.526,,14.770,162,31,48,,
T,2026-02-22 04:21:00,34.90166281,137.17423988,3.79,71.742,,15.110,165,31,48,,
T,2026-02-22 04:21:01,34.90152727,137.17428503,3.79,71.752,,15.630,165,31,48,,
T,2026-02-22 04:21:02,34.90138988,137.17432825,3.79,71.568,,15.830,166,31,48,,
T,2026-02-22 04:21:03,34.90125189,137.17436650,3.79,71.404,,15.670,167,31,48,,
T,2026-02-22 04:21:04,34.90111529,137.17440405,3.79,71.390,,15.550,168,31,48,,
T,2026-02-22 04:21:05,34.90097771,137.17443795,3.79,71.196,,15.470,169,31,48,,
T,2026-02-22 04:21:06,34.90084025,137.17446815,3.79,70.998,,15.430,170,31,48,,
T,2026-02-22 04:21:07,34.90070358,137.17449437,3.79,70.928,,15.270,171,30,48,,
T,2026-02-22 04:21:08,34.90056861,137.17451997,3.79,70.579,,14.970,172,30,48,,
T,2026-02-22 04:21:09,34.90043588,137.17454252,3.79,70.030,,14.760,173,30,48,,
T,2026-02-22 04:21:10,34.90030464,137.17456308,3.79,69.437,,14.710,174,30,48,,
T,2026-02-22 04:21:11,34.90017437,137.17458039,3.79,68.576,,14.620,175,30,48,,
T,2026-02-22 04:21:12,34.90004225,137.17459351,3.79,68.091,,14.640,176,30,48,,
T,2026-02-22 04:21:13,34.89990885,137.17460402,3.79,67.318,,14.730,177,30,48,,
T,2026-02-22 04:21:14,34.89977648,137.17461198,3.79,66.636,,14.820,178,30,48,,
T,2026-02-22 04:21:15,34.89964194,137.17461863,3.79,66.233,,14.850,179,30,48,,
T,2026-02-22 04:21:16,34.89950616,137.17462241,3.79,65.447,,14.970,179,30,48,,
T,2026-02-22 04:21:17,34.89937065,137.17462561,3.79,64.718,,15.080,180,30,48,,
T,2026-02-22 04:21:18,34.89923944,137.17462751,3.79,64.254,,14.650,179,30,48,,
T,2026-02-22 04:21:19,34.89911317,137.17463054,3.79,63.727,,13.640,179,30,48,,
T,2026-02-22 04:21:20,34.89899373,137.17463268,3.79,63.197,,12.710,179,30,48,,
T,2026-02-22 04:21:21,34.89887923,137.17463354,3.79,62.764,,12.360,180,30,48,,
T,2026-02-22 04:21:22,34.89876804,137.17463600,3.79,62.602,,12.380,180,31,48,,
T,2026-02-22 04:21:23,34.89865891,137.17463814,3.79,62.472,,12.110,180,30,48,,
T,2026-02-22 04:21:24,34.89855229,137.17463927,3.79,62.390,,11.830,180,30,48,,
T,2026-02-22 04:21:25,34.89844692,137.17463922,3.79,62.315,,11.560,180,30,48,,
T,2026-02-22 04:21:26,34.89834500,137.17464020,3.79,62.190,,11.230,180,31,48,,
T,2026-02-22 04:21:27,34.89824463,137.17464012,3.79,61.995,,10.970,180,31,48,,
T,2026-02-22 04:21:28,34.89814305,137.17464057,3.79,61.755,,11.460,180,31,48,,
T,2026-02-22 04:21:29,34.89803705,137.17463985,3.79,61.795,,11.960,180,31,48,,
T,2026-02-22 04:21:30,34.89792889,137.17464155,3.79,61.791,,12.240,180,31,48,,
T,2026-02-22 04:21:31,34.89782093,137.17464376,3.79,61.754,,12.120,179,31,48,,
T,2026-02-22 04:21:32,34.89771137,137.17464644,3.79,61.713,,12.160,179,31,48,,
T,2026-02-22 04:21:33,34.89760120,137.17464960,3.79,61.759,,12.160,178,31,48,,
T,2026-02-22 04:21:34,34.89749084,137.17465175,3.79,61.725,,12.180,179,31,48,,
T,2026-02-22 04:21:35,34.89737836,137.17465469,3.79,61.618,,12.550,179,31,48,,
T,2026-02-22 04:21:36,34.89726382,137.17465762,3.79,61.605,,12.780,179,31,48,,
T,2026-02-22 04:21:37,34.89714721,137.17465954,3.79,61.632,,13.080,179,31,48,,
T,2026-02-22 04:21:38,34.89702911,137.17466120,3.79,61.591,,13.350,180,31,48,,
T,2026-02-22 04:21:39,34.89690789,137.17466176,3.79,61.603,,13.580,180,31,48,,
T,2026-02-22 04:21:40,34.89678546,137.17466350,3.79,61.659,,13.770,180,31,48,,
T,2026-02-22 04:21:41,34.89666029,137.17466463,3.79,61.503,,13.970,180,31,48,,
T,2026-02-22 04:21:42,34.89653188,137.17466533,3.79,61.477,,14.160,179,31,48,,
T,2026-02-22 04:21:43,34.89640348,137.17466645,3.79,61.381,,14.330,180,31,48,,
T,2026-02-22 04:21:44,34.89627755,137.17466783,3.79,61.577,,13.980,180,30,48,,
T,2026-02-22 04:21:45,34.89615357,137.17466858,3.79,61.780,,13.630,180,30,48,,
T,2026-02-22 04:21:46,34.89603163,137.17466887,3.79,62.052,,13.230,180,30,48,,
T,2026-02-22 04:21:47,34.89591387,137.17466643,3.79,62.461,,12.920,181,30,48,,
T,2026-02-22 04:21:48,34.89579619,137.17466476,3.79,62.714,,12.770,181,30,48,,
T,2026-02-22 04:21:49,34.89567916,137.17466394,3.79,63.076,,12.900,180,31,48,,
T,2026-02-22 04:21:50,34.89556506,137.17466357,3.79,63.368,,12.670,180,31,48,,
T,2026-02-22 04:21:51,34.89545252,137.17466342,3.79,63.599,,12.600,180,31,48,,
T,2026-02-22 04:21:52,34.89533897,137.17466368,3.79,63.506,,12.730,180,31,48,,
T,2026-02-22 04:21:53,34.89522265,137.17466418,3.79,63.676,,12.870,179,31,48,,
T,2026-02-22 04:21:54,34.89510566,137.17466574,3.79,63.660,,13.070,179,31,48,,
T,2026-02-22 04:21:55,34.89498621,137.17466832,3.79,63.753,,13.260,179,31,48,,
T,2026-02-22 04:21:56,34.89486734,137.17466941,3.79,63.902,,13.310,180,31,48,,
T,2026-02-22 04:21:57,34.89474633,137.17466741,3.79,64.106,,13.450,181,30,48,,
T,2026-02-22 04:21:58,34.89462664,137.17466723,3.79,64.114,,13.230,180,30,48,,
T,2026-02-22 04:21:59,34.89450712,137.17466794,3.79,64.094,,13.300,180,29,48,,
T,2026-02-22 04:22:00,34.89438944,137.17467037,3.79,64.103,,13.060,179,29,48,,
T,2026-02-22 04:22:01,34.89427289,137.17467461,3.79,64.056,,12.920,179,29,48,,
T,2026-02-22 04:22:02,34.89415489,137.17467784,3.79,64.229,,13.130,178,30,48,,
T,2026-02-22 04:22:03,34.89403500,137.17468051,3.79,64.180,,13.260,179,31,48,,
T,2026-02-22 04:22:04,34.89391219,137.17468203,3.79,64.237,,13.570,179,31,48,,
T,2026-02-22 04:22:05,34.89378749,137.17468303,3.79,64.026,,13.860,180,30,48,,
T,2026-02-22 04:22:06,34.89366541,137.17468413,3.79,64.089,,13.490,180,30,48,,
T,2026-02-22 04:22:07,34.89354562,137.17468552,3.79,64.012,,13.300,180,30,48,,
T,2026-02-22 04:22:08,34.89342506,137.17468784,3.79,64.242,,13.440,179,30,48,,
T,2026-02-22 04:22:09,34.89330444,137.17468919,3.79,64.159,,13.400,180,30,48,,
T,2026-02-22 04:22:10,34.89318598,137.17468874,3.79,64.088,,13.120,180,30,48,,
T,2026-02-22 04:22:11,34.89306810,137.17469102,3.79,63.926,,13.110,179,30,48,,
T,2026-02-22 04:22:12,34.89294721,137.17469188,3.79,63.782,,13.250,180,30,48,,
T,2026-02-22 04:22:13,34.89282905,137.17469289,3.79,63.584,,13.130,180,30,48,,
T,2026-02-22 04:22:14,34.89271126,137.17469230,3.79,63.703,,13.160,180,30,48,,
T,2026-02-22 04:22:15,34.89258983,137.17469168,3.79,63.846,,13.080,181,30,48,,
T,2026-02-22 04:22:16,34.89247130,137.17468457,3.79,63.710,,13.190,184,30,48,,
T,2026-02-22 04:22:17,34.89235353,137.17467507,3.79,63.703,,13.010,185,30,48,,
T,2026-02-22 04:22:18,34.89223499,137.17466904,3.79,63.942,,13.370,182,30,48,,
T,2026-02-22 04:22:19,34.89211459,137.17466609,3.79,63.811,,13.260,181,30,48,,
T,2026-02-22 04:22:20,34.89199759,137.17466256,3.79,63.749,,13.030,181,30,48,,
T,2026-02-22 04:22:21,34.89188179,137.17465964,3.79,63.658,,12.940,181,30,48,,
T,2026-02-22 04:22:22,34.89176555,137.17465751,3.79,63.854,,12.680,181,31,48,,
T,2026-02-22 04:22:23,34.89165104,137.17465437,3.79,64.118,,12.250,180,31,48,,
T,2026-02-22 04:22:24,34.89153923,137.17465214,3.79,64.427,,11.990,179,31,48,,
T,2026-02-22 04:22:25,34.89143202,137.17465246,3.79,64.433,,11.600,179,31,48,,
T,2026-02-22 04:22:26,34.89132753,137.17465280,3.79,64.465,,11.330,180,31,48,,
T,2026-02-22 04:22:27,34.89122747,137.17465377,3.79,64.382,,10.890,180,31,48,,
T,2026-02-22 04:22:28,34.89112978,137.17465554,3.79,64.366,,10.700,179,31,48,,
T,2026-02-22 04:22:29,34.89103530,137.17465586,3.79,64.253,,10.330,179,31,48,,
T,2026-02-22 04:22:30,34.89094358,137.17465814,3.79,64.013,,9.880,179,31,48,,
T,2026-02-22 04:22:31,34.89085935,137.17466105,3.79,63.918,,9.080,179,31,48,,
T,2026-02-22 04:22:32,34.89079324,137.17466241,3.79,63.861,,6.540,180,31,48,,
T,2026-02-22 04:22:33,34.89074685,137.17466276,3.79,63.694,,4.030,179,31,48,,
T,2026-02-22 04:22:34,34.89071154,137.17466305,3.79,63.749,,2.810,179,31,48,,
T,2026-02-22 04:22:35,34.89068981,137.17466349,3.79,63.750,,1.770,180,31,48,,
T,2026-02-22 04:22:36,34.89067895,137.17466323,3.79,63.816,,0.810,178,31,48,,
T,2026-02-22 04:22:37,34.89067214,137.17466537,3.79,64.025,,0.750,179,31,48,,
T,2026-02-22 04:22:38,34.89067245,137.17466718,3.79,64.202,,0.200,179,31,48,,
T,2026-02-22 04:22:39,34.89067125,137.17466844,3.79,64.326,,0.000,,31,48,,
T,2026-02-22 04:22:40,34.89067090,137.17466931,3.79,64.444,,0.000,,31,48,,
T,2026-02-22 04:22:41,34.89066842,137.17466907,3.79,64.504,,0.000,,31,48,,
T,2026-02-22 04:22:42,34.89066722,137.17466861,3.79,64.532,,0.000,,31,48,,
T,2026-02-22 04:22:43,34.89066742,137.17466806,3.79,64.660,,0.000,,31,48,,
T,2026-02-22 04:22:44,34.89066697,137.17466795,3.79,64.718,,0.000,,30,48,,
T,2026-02-22 04:22:45,34.89066619,137.17466759,3.79,64.748,,0.000,,30,48,,
T,2026-02-22 04:22:46,34.89066588,137.17466811,3.79,64.857,,0.000,,30,48,,
T,2026-02-22 04:22:47,34.89066626,137.17466833,3.79,65.026,,0.000,,29,48,,
T,2026-02-22 04:22:48,34.89066658,137.17466891,3.79,65.125,,0.000,,28,48,,
T,2026-02-22 04:22:49,34.89066713,137.17466921,3.79,65.198,,0.000,,28,48,,
T,2026-02-22 04:22:50,34.89066727,137.17466944,3.79,65.227,,0.000,,28,48,,
T,2026-02-22 04:22:51,34.89066734,137.17466949,3.79,65.241,,0.000,,29,48,,
T,2026-02-22 04:22:52,34.89066734,137.17466951,3.79,65.243,,0.000,,29,48,,
T,2026-02-22 04:22:53,34.89066734,137.17466952,3.79,65.243,,0.000,,29,48,,
T,2026-02-22 04:22:54,34.89066734,137.17466954,3.79,65.243,,0.000,,29,48,,
T,2026-02-22 04:22:55,34.89066735,137.17466957,3.79,65.244,,0.000,,29,48,,
T,2026-02-22 04:22:56,34.89066736,137.17466960,3.79,65.244,,0.000,,29,48,,
T,2026-02-22 04:22:57,34.89066738,137.17466962,3.79,65.245,,0.000,,29,48,,
T,2026-02-22 04:22:58,34.89066739,137.17466963,3.79,65.245,,0.000,,29,48,,
T,2026-02-22 04:22:59,34.89066138,137.17467112,3.79,65.458,,0.870,178,28,48,,
T,2026-02-22 04:23:00,34.89063660,137.17467206,3.79,65.659,,3.370,179,28,48,,
T,2026-02-22 04:23:01,34.89061494,137.17467448,3.79,65.370,,2.850,178,29,48,,
T,2026-02-22 04:23:02,34.89059313,137.17467359,3.79,65.552,,2.350,178,30,48,,
T,2026-02-22 04:23:03,34.89056843,137.17467287,3.79,65.716,,2.800,180,30,48,,
T,2026-02-22 04:23:04,34.89053834,137.17467362,3.79,65.630,,3.780,178,31,48,,
T,2026-02-22 04:23:05,34.89050113,137.17467430,3.79,65.807,,4.490,179,31,48,,
T,2026-02-22 04:23:06,34.89045258,137.17467482,3.79,65.728,,5.670,180,31,48,,
T,2026-02-22 04:23:07,34.89039692,137.17467537,3.79,66.038,,6.490,180,31,48,,
T,2026-02-22 04:23:08,34.89033592,137.17467605,3.79,65.935,,7.280,180,31,48,,
T,2026-02-22 04:23:09,34.89026789,137.17467734,3.79,65.669,,8.000,179,31,48,,
T,2026-02-22 04:23:10,34.89019274,137.17467685,3.79,65.582,,8.500,180,31,48,,
T,2026-02-22 04:23:11,34.89011338,137.17467889,3.79,65.399,,9.060,179,31,48,,
T,2026-02-22 04:23:12,34.89003212,137.17468118,3.79,65.256,,9.300,179,31,48,,
T,2026-02-22 04:23:13,34.88994993,137.17468412,3.79,64.976,,9.210,179,31,48,,
T,2026-02-22 04:23:14,34.88986709,137.17468532,3.79,64.975,,9.300,179,30,48,,
T,2026-02-22 04:23:15,34.88978040,137.17468799,3.79,65.079,,9.870,179,30,48,,
T,2026-02-22 04:23:16,34.88968906,137.17468757,3.79,64.870,,10.380,181,30,48,,
T,2026-02-22 04:23:17,34.88959142,137.17468609,3.79,64.871,,11.190,182,30,48,,
T,2026-02-22 04:23:18,34.88948926,137.17468053,3.79,65.369,,11.900,182,31,48,,
T,2026-02-22 04:23:19,34.88937786,137.17467827,3.79,65.383,,12.410,181,31,48,,
T,2026-02-22 04:23:20,34.88926318,137.17467549,3.79,65.433,,12.970,181,31,48,,
T,2026-02-22 04:23:21,34.88914456,137.17467583,3.79,65.401,,13.460,180,31,48,,
T,2026-02-22 04:23:22,34.88902030,137.17467546,3.79,65.492,,13.700,179,31,48,,
T,2026-02-22 04:23:23,34.88889505,137.17467539,3.79,65.451,,14.030,180,31,48,,
T,2026-02-22 04:23:24,34.88876706,137.17467336,3.79,65.609,,14.370,180,31,48,,
T,2026-02-22 04:23:25,34.88863492,137.17467355,3.79,65.857,,14.970,181,30,48,,
T,2026-02-22 04:23:26,34.88849696,137.17467264,3.79,66.177,,15.420,180,30,48,,
T,2026-02-22 04:23:27,34.88835867,137.17467336,3.79,66.521,,15.480,180,30,48,,
T,2026-02-22 04:23:28,34.88821892,137.17467645,3.79,66.788,,15.580,179,29,48,,
T,2026-02-22 04:23:29,34.88807714,137.17467750,3.79,67.038,,15.750,180,29,48,,
T,2026-02-22 04:23:30,34.88793760,137.17467925,3.79,67.501,,15.710,179,29,48,,
T,2026-02-22 04:23:31,34.88779615,137.17467830,3.79,67.930,,15.690,180,30,48,,
T,2026-02-22 04:23:32,34.88765474,137.17467948,3.79,68.143,,15.790,180,30,48,,
T,2026-02-22 04:23:33,34.88751184,137.17468141,3.79,68.099,,15.940,179,30,48,,
T,2026-02-22 04:23:34,34.88736715,137.17468348,3.79,68.252,,16.130,180,30,48,,
T,2026-02-22 04:23:35,34.88722285,137.17468547,3.79,68.249,,16.080,179,30,48,,
T,2026-02-22 04:23:36,34.88707743,137.17468649,3.79,68.196,,16.110,179,30,48,,
T,2026-02-22 04:23:37,34.88693191,137.17468897,3.79,68.180,,16.050,179,29,48,,
T,2026-02-22 04:23:38,34.88678716,137.17469391,3.79,68.248,,16.050,178,29,48,,
T,2026-02-22 04:23:39,34.88664159,137.17470379,3.79,68.199,,16.110,176,29,48,,
T,2026-02-22 04:23:40,34.88649590,137.17471282,3.79,68.302,,16.030,177,30,48,,
T,2026-02-22 04:23:41,34.88635224,137.17472064,3.79,68.251,,15.970,178,30,48,,
T,2026-02-22 04:23:42,34.88620831,137.17472299,3.79,68.269,,15.990,180,30,48,,
T,2026-02-22 04:23:43,34.88606524,137.17472374,3.79,68.269,,15.970,180,30,48,,
T,2026-02-22 04:23:44,34.88592156,137.17472696,3.79,68.417,,15.990,180,30,48,,
T,2026-02-22 04:23:45,34.88577776,137.17472758,3.79,68.457,,15.970,180,30,48,,
T,2026-02-22 04:23:46,34.88563409,137.17472819,3.79,68.692,,16.050,180,29,49,,
T,2026-02-22 04:23:47,34.88548836,137.17472982,3.79,68.790,,16.220,179,29,49,,
T,2026-02-22 04:23:48,34.88534162,137.17473381,3.79,68.850,,16.390,180,29,49,,
T,2026-02-22 04:23:49,34.88519398,137.17473647,3.79,69.053,,16.500,180,29,49,,
T,2026-02-22 04:23:50,34.88504566,137.17473805,3.79,69.125,,16.510,180,29,49,,
T,2026-02-22 04:23:51,34.88489678,137.17473930,3.79,69.330,,16.490,179,29,49,,
T,2026-02-22 04:23:52,34.88474915,137.17474106,3.79,69.782,,16.530,179,29,49,,
T,2026-02-22 04:23:53,34.88460183,137.17474270,3.79,69.962,,16.320,179,30,49,,
T,2026-02-22 04:23:54,34.88445394,137.17474495,3.79,69.974,,16.460,179,30,49,,
T,2026-02-22 04:23:55,34.88430504,137.17474645,3.79,70.058,,16.590,180,30,49,,
T,2026-02-22 04:23:56,34.88415486,137.17474774,3.79,70.308,,16.840,180,30,49,,
T,2026-02-22 04:23:57,34.88400392,137.17475082,3.79,70.689,,16.840,179,30,49,,
T,2026-02-22 04:23:58,34.88385151,137.17475299,3.79,71.012,,16.970,180,30,49,,
T,2026-02-22 04:23:59,34.88370129,137.17475316,3.79,71.362,,16.710,180,29,49,,
T,2026-02-22 04:24:00,34.88355171,137.17475655,3.79,71.897,,16.630,179,29,49,,
T,2026-02-22 04:24:01,34.88340222,137.17475808,3.79,72.307,,16.530,180,30,49,,
T,2026-02-22 04:24:02,34.88325497,137.17475771,3.79,72.745,,16.300,180,30,49,,
T,2026-02-22 04:24:03,34.88310941,137.17475922,3.79,73.184,,16.100,180,30,49,,
T,2026-02-22 04:24:04,34.88296408,137.17475954,3.79,73.282,,16.190,180,29,49,,
T,2026-02-22 04:24:05,34.88281823,137.17475876,3.79,73.665,,16.150,180,30,49,,
T,2026-02-22 04:24:06,34.88267275,137.17475890,3.79,74.122,,16.210,180,30,49,,
T,2026-02-22 04:24:07,34.88252466,137.17475910,3.79,74.115,,16.550,180,30,49,,
T,2026-02-22 04:24:08,34.88238146,137.17475757,3.79,74.846,,16.060,180,30,49,,
T,2026-02-22 04:24:09,34.88223522,137.17476012,3.79,75.358,,16.190,179,29,49,,
T,2026-02-22 04:24:10,34.88208886,137.17476426,3.79,75.874,,16.340,178,30,49,,
T,2026-02-22 04:24:11,34.88193787,137.17476712,3.79,76.395,,16.460,178,29,49,,
T,2026-02-22 04:24:12,34.88178920,137.17477586,3.79,76.764,,16.580,177,29,49,,
T,2026-02-22 04:24:13,34.88164211,137.17478821,3.79,77.049,,16.320,175,29,49,,
T,2026-02-22 04:24:14,34.88149889,137.17480501,3.79,77.294,,15.670,173,30,49,,
T,2026-02-22 04:24:15,34.88136081,137.17482823,3.79,77.457,,15.210,171,31,49,,
T,2026-02-22 04:24:16,34.88122407,137.17485659,3.79,77.439,,15.330,170,31,49,,
T,2026-02-22 04:24:17,34.88108784,137.17488737,3.79,77.687,,15.380,169,31,49,,
T,2026-02-22 04:24:18,34.88095115,137.17492275,3.79,77.781,,15.490,167,31,49,,
T,2026-02-22 04:24:19,34.88081487,137.17496410,3.79,77.974,,15.630,165,31,49,,
T,2026-02-22 04:24:20,34.88067860,137.17500799,3.79,78.358,,15.780,164,31,49,,
T,2026-02-22 04:24:21,34.88054263,137.17505914,3.79,78.948,,15.930,162,30,49,,
T,2026-02-22 04:24:22,34.88040563,137.17511561,3.79,79.205,,16.090,161,30,49,,
T,2026-02-22 04:24:23,34.88026819,137.17517673,3.79,79.259,,16.340,159,30,49,,
T,2026-02-22 04:24:24,34.88012923,137.17524085,3.79,79.317,,16.630,159,30,49,,
T,2026-02-22 04:24:25,34.87998836,137.17530507,3.79,79.419,,16.860,160,30,49,,
T,2026-02-22 04:24:26,34.87984824,137.17536575,3.79,79.502,,16.530,161,31,49,,
T,2026-02-22 04:24:27,34.87971241,137.17542490,3.79,79.422,,16.290,161,31,49,,
T,2026-02-22 04:24:28,34.87957316,137.17548690,3.79,79.558,,16.560,160,31,49,,
T,2026-02-22 04:24:29,34.87943243,137.17555240,3.79,79.489,,16.820,159,31,49,,
T,2026-02-22 04:24:30,34.87929277,137.17562120,3.79,79.370,,16.850,158,31,49,,
T,2026-02-22 04:24:31,34.87915103,137.17569081,3.79,79.397,,17.030,158,31,49,,
T,2026-02-22 04:24:32,34.87900668,137.17575916,3.79,79.314,,17.140,158,31,49,,
T,2026-02-22 04:24:33,34.87886540,137.17582912,3.79,79.337,,16.990,159,31,49,,
T,2026-02-22 04:24:34,34.87872438,137.17589692,3.79,79.382,,16.830,159,31,49,,
T,2026-02-22 04:24:35,34.87858349,137.17596267,3.79,79.331,,16.690,159,31,49,,
T,2026-02-22 04:24:36,34.87844180,137.17602657,3.79,79.242,,16.620,160,29,49,,
T,2026-02-22 04:24:37,34.87829918,137.17608723,3.79,79.089,,16.610,161,30,49,,
T,2026-02-22 04:24:38,34.87815530,137.17614393,3.79,78.856,,16.630,162,30,49,,
T,2026-02-22 04:24:39,34.87801109,137.17619921,3.79,78.721,,16.690,162,31,49,,
T,2026-02-22 04:24:40,34.87786750,137.17625455,3.79,78.485,,16.830,163,31,49,,
T,2026-02-22 04:24:41,34.87772204,137.17630725,3.79,78.365,,16.810,164,31,49,,
T,2026-02-22 04:24:42,34.87757550,137.17635658,3.79,78.318,,16.720,165,30,49,,
T,2026-02-22 04:24:43,34.87742974,137.17639765,3.79,78.470,,16.290,167,30,49,,
T,2026-02-22 04:24:44,34.87728947,137.17643074,3.79,78.845,,15.880,169,30,49,,
T,2026-02-22 04:24:45,34.87715015,137.17645803,3.79,78.850,,15.450,172,30,49,,
T,2026-02-22 04:24:46,34.87701264,137.17647881,3.79,78.855,,15.130,174,31,49,,
T,2026-02-22 04:24:47,34.87687733,137.17649643,3.79,78.723,,14.860,175,31,49,,
T,2026-02-22 04:24:48,34.87674435,137.17650865,3.79,78.440,,14.710,176,31,49,,
T,2026-02-22 04:24:49,34.87661170,137.17651951,3.79,78.041,,14.660,177,31,49,,
T,2026-02-22 04:24:50,34.87647582,137.17652652,3.79,77.862,,15.020,178,31,49,,
T,2026-02-22 04:24:51,34.87633846,137.17652947,3.79,77.796,,15.210,179,31,49,,
T,2026-02-22 04:24:52,34.87620506,137.17653086,3.79,77.784,,14.740,180,31,49,,
T,2026-02-22 04:24:53,34.87607545,137.17653338,3.79,78.019,,14.220,179,30,49,,
T,2026-02-22 04:24:54,34.87594501,137.17653650,3.79,78.252,,14.400,179,30,49,,
T,2026-02-22 04:24:55,34.87581419,137.17653862,3.79,78.405,,14.590,179,30,49,,
T,2026-02-22 04:24:56,34.87568215,137.17654092,3.79,78.505,,14.700,179,30,49,,
T,2026-02-22 04:24:57,34.87554863,137.17654356,3.79,78.740,,14.880,179,30,49,,
T,2026-02-22 04:24:58,34.87541437,137.17654547,3.79,79.046,,14.940,179,30,49,,
T,2026-02-22 04:24:59,34.87527930,137.17654805,3.79,79.228,,14.980,179,30,49,,
T,2026-02-22 04:25:00,34.87514388,137.17654951,3.79,79.466,,15.070,179,30,49,,
T,2026-02-22 04:25:01,34.87500746,137.17655199,3.79,79.693,,15.190,179,30,49,,
T,2026-02-22 04:25:02,34.87487190,137.17655573,3.79,79.949,,15.250,179,29,49,,
T,2026-02-22 04:25:03,34.87473643,137.17656114,3.79,80.260,,15.370,179,31,49,,
T,2026-02-22 04:25:04,34.87459797,137.17656374,3.79,80.442,,15.410,179,31,49,,
T,2026-02-22 04:25:05,34.87445684,137.17656272,3.79,80.826,,15.540,180,31,49,,
T,2026-02-22 04:25:06,34.87431647,137.17656639,3.79,81.252,,15.440,179,31,49,,
T,2026-02-22 04:25:07,34.87417481,137.17656811,3.79,81.360,,15.530,180,31,49,,
T,2026-02-22 04:25:08,34.87403515,137.17656926,3.79,81.529,,15.600,180,31,49,,
T,2026-02-22 04:25:09,34.87389414,137.17656791,3.79,81.792,,15.640,181,31,49,,
T,2026-02-22 04:25:10,34.87375186,137.17656662,3.79,82.132,,15.680,181,31,49,,
T,2026-02-22 04:25:11,34.87361002,137.17656492,3.79,82.176,,15.810,181,31,49,,
T,2026-02-22 04:25:12,34.87346476,137.17656276,3.79,82.060,,16.170,180,31,49,,
T,2026-02-22 04:25:13,34.87331516,137.17656267,3.79,82.054,,16.330,180,30,49,,
T,2026-02-22 04:25:14,34.87317066,137.17655939,3.79,82.046,,16.730,180,31,49,,
T,2026-02-22 04:25:15,34.87301982,137.17656133,3.79,81.670,,16.770,180,31,49,,
T,2026-02-22 04:25:16,34.87286572,137.17656215,3.79,80.950,,17.240,180,31,49,,
T,2026-02-22 04:25:17,34.87271425,137.17656390,3.79,80.460,,17.090,180,31,49,,
T,2026-02-22 04:25:18,34.87255852,137.17656592,3.79,80.130,,17.230,179,31,49,,
T,2026-02-22 04:25:19,34.87240468,137.17656646,3.79,79.908,,17.080,179,31,49,,
T,2026-02-22 04:25:20,34.87225267,137.17657032,3.79,80.313,,16.700,180,31,49,,
T,2026-02-22 04:25:21,34.87210456,137.17657300,3.79,80.239,,16.300,179,31,49,,
T,2026-02-22 04:25:22,34.87195997,137.17657746,3.79,80.176,,15.820,178,31,49,,
T,2026-02-22 04:25:23,34.87181877,137.17658011,3.79,80.328,,15.430,179,31,49,,
T,2026-02-22 04:25:24,34.87169192,137.17658361,3.79,80.531,,13.780,179,31,49,,
T,2026-02-22 04:25:25,34.87157647,137.17658378,3.79,80.403,,12.390,180,31,49,,
T,2026-02-22 04:25:26,34.87145786,137.17658577,3.79,80.373,,12.910,179,31,49,,
T,2026-02-22 04:25:27,34.87134029,137.17658812,3.79,80.508,,13.300,179,31,49,,
T,2026-02-22 04:25:28,34.87121556,137.17659043,3.79,80.264,,13.940,179,31,49,,
T,2026-02-22 04:25:29,34.87108741,137.17659275,3.79,80.249,,14.470,179,31,49,,
T,2026-02-22 04:25:30,34.87095567,137.17659314,3.79,80.151,,14.990,179,30,49,,
T,2026-02-22 04:25:31,34.87081802,137.17659475,3.79,79.916,,15.440,180,30,49,,
T,2026-02-22 04:25:32,34.87067551,137.17659318,3.79,80.013,,15.750,181,30,49,,
T,2026-02-22 04:25:33,34.87053285,137.17659311,3.79,79.970,,15.990,180,30,49,,
T,2026-02-22 04:25:34,34.87038813,137.17659377,3.79,79.688,,16.250,180,31,49,,
T,2026-02-22 04:25:35,34.87024076,137.17659498,3.79,79.241,,16.190,180,31,49,,
T,2026-02-22 04:25:36,34.87009285,137.17659651,3.79,78.664,,16.340,180,31,49,,
T,2026-02-22 04:25:37,34.86994379,137.17659945,3.79,78.074,,16.660,179,31,49,,
T,2026-02-22 04:25:38,34.86979282,137.17660162,3.79,77.540,,16.860,179,31,49,,
T,2026-02-22 04:25:39,34.86964530,137.17660487,3.79,77.509,,16.420,179,31,49,,
T,2026-02-22 04:25:40,34.86949907,137.17660979,3.79,77.463,,15.990,178,31,49,,
T,2026-02-22 04:25:41,34.86935751,137.17661557,3.79,77.544,,15.500,178,31,49,,
T,2026-02-22 04:25:42,34.86922034,137.17662144,3.79,77.614,,14.950,178,31,49,,
T,2026-02-22 04:25:43,34.86908745,137.17662685,3.79,77.815,,14.480,178,31,49,,
T,2026-02-22 04:25:44,34.86895954,137.17663447,3.79,77.937,,13.960,177,31,49,,
T,2026-02-22 04:25:45,34.86883578,137.17664077,3.79,78.280,,13.430,176,31,49,,
T,2026-02-22 04:25:46,34.86871620,137.17664909,3.79,78.325,,12.960,176,30,49,,
T,2026-02-22 04:25:47,34.86860303,137.17665832,3.79,78.718,,12.450,176,30,49,,
T,2026-02-22 04:25:48,34.86849387,137.17666547,3.79,78.929,,11.940,177,30,49,,
T,2026-02-22 04:25:49,34.86838812,137.17667295,3.79,79.067,,11.500,177,31,49,,
T,2026-02-22 04:25:50,34.86828699,137.17668072,3.79,79.286,,11.040,176,31,49,,
T,2026-02-22 04:25:51,34.86819035,137.17668721,3.79,79.428,,10.500,176,31,49,,
T,2026-02-22 04:25:52,34.86810472,137.17669307,3.79,79.563,,9.170,176,31,49,,
T,2026-02-22 04:25:53,34.86803142,137.17669943,3.79,79.584,,7.520,176,31,49,,
T,2026-02-22 04:25:54,34.86797198,137.17670276,3.79,79.782,,5.810,178,31,49,,
T,2026-02-22 04:25:55,34.86792190,137.17670404,3.79,79.692,,4.750,178,31,49,,
T,2026-02-22 04:25:56,34.86788645,137.17670531,3.79,79.801,,3.080,179,31,49,,
T,2026-02-22 04:25:57,34.86786818,137.17670572,3.79,79.918,,1.170,177,31,49,,
T,2026-02-22 04:25:58,34.86785891,137.17670538,3.79,80.088,,0.960,178,31,49,,
T,2026-02-22 04:25:59,34.86785640,137.17670489,3.79,80.131,,0.000,,31,49,,
T,2026-02-22 04:26:00,34.86785518,137.17670192,3.79,80.714,,0.150,178,31,49,,
T,2026-02-22 04:26:01,34.86785474,137.17670079,3.79,80.875,,0.000,,31,49,,
T,2026-02-22 04:26:02,34.86785245,137.17670093,3.79,80.783,,0.000,,31,49,,
T,2026-02-22 04:26:03,34.86785381,137.17670014,3.79,81.000,,0.000,,31,49,,
T,2026-02-22 04:26:04,34.86785567,137.17669703,3.79,81.347,,0.000,,31,49,,
T,2026-02-22 04:26:05,34.86785489,137.17669753,3.79,81.329,,0.000,,35,49,,
