施設名称,名称_カナ,住所,方書,設置位置,男性トイレ総数,男性トイレ数（小便器）,男性トイレ数（和式）,男性トイレ数（洋式）,女性トイレ総数,女性トイレ数（和式）,女性トイレ数（洋式）,男女共用トイレ総数,男女共用トイレ数（和式）,男女共用トイレ数（洋式）,バリアフリートイレ数 注2,車椅子使用者用トイレ有無,乳幼児用設備設置トイレ有無,オストメイト設置トイレ有無,利用開始時間,利用終了時間,利用可能時間特記事項,備考
愛知県弥富野鳥園,アイチケンヤトミヤチョウエン,愛知県弥冨市上野町2-10,,①駐車場　,3,2,0,1,2,1,1,0,0,0,0,無,無,無,09:00,17:00,休園日は、月曜日、年末年始（12/29～1/1）,
愛知県弥富野鳥園,アイチケンヤトミヤチョウエン,愛知県弥冨市上野町2-10,,②小公園,3,2,1,0,2,1,1,0,0,0,1,有,無,有,09:00,17:00,休園日は、月曜日、年末年始（12/29～1/1）,
東海自然歩道,トウカイシゼンホドウ,愛知県新城市七郷一色地内,,夏明橋,3,2,1,,2,2,,,,,,無,無,無,00:00,24:00,,汲み取り式、東海自然歩道利用者向け
東海自然歩道,トウカイシゼンホドウ,愛知県北設楽郡設楽町和市地内,,和市,1,1,,,,,,3,3,,,無,無,無,00:00,24:00,,汲み取り式、東海自然歩道利用者向け
東海自然歩道,トウカイシゼンホドウ,愛知県北設楽郡設楽町大字田峯地内,,五六橋,1,1,,,,,,3,3,,,無,無,無,00:00,24:00,,汲み取り式、東海自然歩道利用者向け
東海自然歩道,トウカイシゼンホドウ,愛知県豊田市怒田沢町地内,,金蔵連峠,1,1,,,,,,3,3,,,無,無,無,00:00,24:00,,汲み取り式、東海自然歩道利用者向け
東海自然歩道,トウカイシゼンホドウ,愛知県豊田市連谷町地内,,伊勢神峠,1,1,,,,,,3,3,,,無,無,無,00:00,24:00,,汲み取り式、東海自然歩道利用者向け
東海自然歩道,トウカイシゼンホドウ,愛知県豊田市日下部町地内,,弘法杉,1,1,,,,,,3,3,,,無,無,無,00:00,24:00,,汲み取り式、東海自然歩道利用者向け
東海自然歩道,トウカイシゼンホドウ,愛知県豊田市閑羅瀬町地内,,閑羅瀬の里,1,1,,,,,,3,3,,,無,無,無,00:00,24:00,,汲み取り式、東海自然歩道利用者向け
東海自然歩道,トウカイシゼンホドウ,愛知県豊田市山中町地内,,山中峠,1,1,,,,,,3,3,,,無,無,無,00:00,24:00,,汲み取り式、東海自然歩道利用者向け
東海自然歩道,トウカイシゼンホドウ,愛知県豊田市猿投町地内,,猿投山,2,1,,1,2,1,1,,,,,無,無,無,00:00,24:00,,東海自然歩道利用者向け
東海自然歩道,トウカイシゼンホドウ,愛知県瀬戸市上山路町地内,,猿投山（山路）,1,1,,,,,,3,3,,,無,無,無,00:00,24:00,,汲み取り式、東海自然歩道利用者向け
東海自然歩道,トウカイシゼンホドウ,愛知県瀬戸市白坂町地内,,雲興寺,3,2,,1,2,1,1,,,,,無,無,無,00:00,24:00,,東海自然歩道利用者向け
東海自然歩道,トウカイシゼンホドウ,愛知県瀬戸市岩屋町地内,,岩屋堂,1,1,,,,,,3,3,,,無,無,無,00:00,24:00,,汲み取り式、東海自然歩道利用者向け
東海自然歩道,トウカイシゼンホドウ,愛知県瀬戸市白岩町地内,,白岩,1,1,,,,,,3,3,,,無,無,無,00:00,24:00,,汲み取り式、東海自然歩道利用者向け
東海自然歩道,トウカイシゼンホドウ,愛知県瀬戸市上半田川町地内,,上半田川,3,2,1,,2,2,,,,,,無,無,無,00:00,24:00,,東海自然歩道利用者向け
東海自然歩道,トウカイシゼンホドウ,愛知県瀬戸市余床町地内,,宮苅峠,1,1,,,,,,3,3,,,無,無,無,00:00,24:00,,汲み取り式、東海自然歩道利用者向け
東海自然歩道,トウカイシゼンホドウ,愛知県春日井市内津町地内,,北山橋,1,1,,,,,,3,3,,,無,無,無,00:00,24:00,,汲み取り式、東海自然歩道利用者向け
東海自然歩道,トウカイシゼンホドウ,愛知県犬山市字八曽地内,,八曽(丸山橋）,1,1,,,,,,3,3,,,無,無,無,00:00,24:00,,汲み取り式、東海自然歩道利用者向け
東海自然歩道,トウカイシゼンホドウ,愛知県犬山市字十三塚地内,,鞍馬教会,1,1,,,,,,3,3,,,無,無,無,00:00,24:00,,汲み取り式、東海自然歩道利用者向け
東海自然歩道,トウカイシゼンホドウ,愛知県犬山市大字今井地内,,開拓ﾊﾟｲﾛｯﾄ,1,1,,,,,,3,3,,,無,無,無,00:00,24:00,,汲み取り式、東海自然歩道利用者向け
東海自然歩道,トウカイシゼンホドウ,愛知県犬山市大字善師野地内,,善師野駅,3,2,,1,2,1,1,,,,,無,無,無,00:00,24:00,,東海自然歩道利用者向け
愛知こどもの国,アイチコドモノクニ,愛知県西尾市東幡豆町南越田3,,愛知こどもの国園内,104,68,14,22,63,19,44,5,3,2,1,有13,有2,有2,08:30,17:30,休園日を除く,オストメイトトイレは２つ車イス用トイレと兼用
海南こどもの国,カイナンコドモノクニ,愛知県弥富市鳥ｹ地町二反田1238,,第一駐車場,5,3,1,1,3,,3,,,,1,有,有,無,09:00,17:00,12/29～1/1除く,
海南こどもの国,カイナンコドモノクニ,愛知県弥富市鳥ｹ地町二反田1238,,舗装広場,3,2,,1,3,2,1,,,,,無,無,無,09:00,17:00,12/29～1/1除く,
海南こどもの国,カイナンコドモノクニ,愛知県弥富市鳥ｹ地町二反田1238,,多目的広場,3,2,,1,3,2,1,,,,,無,無,無,09:00,17:00,12/29～1/1除く,
海南こどもの国,カイナンコドモノクニ,愛知県弥富市鳥ｹ地町二反田1238,,芝生休憩所,3,2,,1,3,2,1,,,,,無,無,無,09:00,17:00,12/29～1/1除く,
海上の森（保全活用事業用地）,カイショノモリ（ホゼンカツヨウジギョウヨウチ）,愛知県瀬戸市海上町368,,海上の森里山サテライト,2,2,1,,2,2,,1,,1,1,有,有,無,00:00,00:00,,
愛知県森林公園,アイチケンシンリンコウエン,愛知県尾張旭市大字新居5182-1,,ボート池,0,0,0,0,0,0,0,1,1,0,0,無,無,無,10:00,17:00,休業日は、月曜日、年末年始（12/29?1/1）※月曜日が祝日・休日の場合は、その翌平日が休業日、また11月～2月は、10:00～16:00まで利用可能,
愛知県森林公園,アイチケンシンリンコウエン,愛知県尾張旭市大字新居5182-1,,児童遊園地,3,2,0,1,2,0,2,0,0,0,0,無,無,無,00:00,24:00,年中無休,
愛知県森林公園,アイチケンシンリンコウエン,愛知県尾張旭市大字新居5182-1,,センター広場,6,4,1,1,6,5,1,1,0,1,1,有,有（こども用小便器）,無,00:00,24:00,年中無休、また多目的（男女共用）トイレは、9:00～17:00,
愛知県森林公園,アイチケンシンリンコウエン,愛知県尾張旭市大字新居5182-1,,野外演舞場,3,2,0,1,3,2,1,0,0,0,0,無,有（こども用小便器）,無,00:00,24:00,年中無休,
愛知県森林公園,アイチケンシンリンコウエン,愛知県尾張旭市大字新居5182-1,,児童遊園,3,2,0,1,3,2,1,0,0,0,0,無,有（こども用小便器）,無,00:00,24:00,年中無休,
愛知県森林公園,アイチケンシンリンコウエン,愛知県尾張旭市大字新居5182-1,,東門下,6,4,1,1,6,5,1,1,0,1,1,有,有（こども用小便器）,無,00:00,24:00,年中無休、また多目的（男女共用）トイレは、9:00～17:00,
愛知県森林公園,アイチケンシンリンコウエン,愛知県尾張旭市大字新居5182-1,,大道平池横,3,2,0,1,3,2,1,0,0,0,0,無,有（こども用小便器）,無,00:00,24:00,年中無休,
愛知県森林公園,アイチケンシンリンコウエン,愛知県尾張旭市大字新居5182-1,,北門,3,2,0,1,3,2,1,0,0,0,0,無,有（こども用小便器）,無,00:00,24:00,年中無休,
愛知県森林公園,アイチケンシンリンコウエン,愛知県尾張旭市大字新居5182-1,,案内所前,11,8,0,3,10,0,10,1,0,1,1,有,有（こども用小便器、おむつ交換台）,無,00:00,24:00,年中無休、また多目的（男女共用）トイレは、9:00～17:00,
愛知県森林公園,アイチケンシンリンコウエン,愛知県尾張旭市大字新居5182-1,,第２テニス下,3,2,0,1,2,0,2,0,0,0,0,無,無,無,09:00,17:00,休園日は、月曜日、年末年始（12/29?1/1）※月曜日が祝日・休日の場合は、その翌平日が休園日,
愛知県森林公園,アイチケンシンリンコウエン,愛知県尾張旭市大字新居5182-1,,野球場横,4,3,0,1,2,0,2,0,0,0,0,無,有（こども用小便器）,無,09:00,17:00,休園日は、月曜日、年末年始（12/29?1/1）※月曜日が祝日・休日の場合は、その翌平日が休園日,
愛知県森林公園,アイチケンシンリンコウエン,愛知県尾張旭市大字新居5182-1,,運動広場,3,2,0,1,2,1,1,0,0,0,0,無,無,無,09:00,17:00,休園日は、月曜日、年末年始（12/29?1/1）※月曜日が祝日・休日の場合は、その翌平日が休園日,
愛知県森林公園,アイチケンシンリンコウエン,愛知県尾張旭市大字新居5182-1,,テニスコート,3,2,0,1,2,0,2,0,0,0,0,無,無,無,08:00,17:30,休園日は、月曜日、年末年始（12/29?1/1）※月曜日が祝日・休日の場合は、その翌平日が休園日,
愛知県森林公園,アイチケンシンリンコウエン,愛知県尾張旭市大字新居5182-1,,乗馬施設,3,2,0,1,3,2,1,0,0,0,0,無,有（こども用小便器）,無,08:00,17:00,休園日は、月曜日、年末年始（12/29?1/1）※月曜日が祝日・休日の場合は、その翌平日が休園日,
愛知県森林公園,アイチケンシンリンコウエン,愛知県尾張旭市大字新居5182-1,,運動広場,3,2,0,1,3,2,1,0,0,0,0,無,有（こども用小便器）,無,09:00,17:00,休園日は、月曜日、年末年始（12/29?1/1）※月曜日が祝日・休日の場合は、その翌平日が休園日,
愛知県森林公園,アイチケンシンリンコウエン,愛知県尾張旭市大字新居5182-1,,弓道横,0,0,0,0,0,0,0,1,0,1,1,有,無,無,09:00,17:00,休園日は、月曜日、年末年始（12/29?1/1）※月曜日が祝日・休日の場合は、その翌平日が休園日,身障者便所（弓道横）
愛知県民の森,アイチケンミンノモリ,愛知県新城市門谷字鳳来寺7-60,,園地（00120便所）,1,1,,,0,,,3,3,,,無,無,無,07:00,20:00,休業日は、4/1～6/30、9/1～3/31の月曜日（月曜日が祝日の場合は翌平日）、年末年始（12/29?1/1）,
愛知県民の森,アイチケンミンノモリ,愛知県新城市門谷字鳳来寺7-60,,園地（00030園地便所）,1,1,,,0,,,2,2,,,無,無,無,07:00,20:00,休業日は、4/1～6/30、9/1～3/31の月曜日（月曜日が祝日の場合は翌平日）、年末年始（12/29?1/1）,
愛知県民の森,アイチケンミンノモリ,愛知県新城市門谷字鳳来寺7-60,,園地（00020園地便所）,1,1,,,0,,,2,2,,,無,無,無,07:00,20:00,休業日は、4/1～6/30、9/1～3/31の月曜日（月曜日が祝日の場合は翌平日）、年末年始（12/29?1/1）,
愛知県民の森,アイチケンミンノモリ,愛知県新城市門谷字鳳来寺7-60,,園地（00190便所）,1,1,,,0,,,3,3,,,無,無,無,07:00,20:00,休業日は、4/1～6/30、9/1～3/31の月曜日（月曜日が祝日の場合は翌平日）、年末年始（12/29?1/1）,
愛知県民の森,アイチケンミンノモリ,愛知県新城市門谷字鳳来寺7-60,,園地（00200便所）,1,1,,,0,,,3,3,,,無,無,無,07:00,20:00,休業日は、4/1～6/30、9/1～3/31の月曜日（月曜日が祝日の場合は翌平日）、年末年始（12/29?1/1）,
愛知県民の森,アイチケンミンノモリ,愛知県新城市門谷字鳳来寺7-60,,園地（00420便所）,4,3,1,,3,3,,0,,,,無,無,無,07:00,20:00,休業日は、4/1～6/30、9/1～3/31の月曜日（月曜日が祝日の場合は翌平日）、年末年始（12/29?1/1）,
愛知県民の森,アイチケンミンノモリ,愛知県新城市門谷字鳳来寺7-60,,園地（00180便所）,1,1,,,0,,,3,3,,,無,無,無,07:00,20:00,休業日は、4/1～6/30、9/1～3/31の月曜日（月曜日が祝日の場合は翌平日）、年末年始（12/29?1/1）,
愛知県民の森,アイチケンミンノモリ,愛知県新城市門谷字鳳来寺7-60,,キャンプファイヤ場（00100便所（第１ファイヤ場））,3,2,1,,2,2,,0,,,,無,無,無,07:00,20:00,休業日は、4/1～6/30、9/1～3/31の月曜日（月曜日が祝日の場合は翌平日）、年末年始（12/29?1/1）,
愛知県民の森,アイチケンミンノモリ,愛知県新城市門谷字鳳来寺7-60,,駐車場（00070駐車場便所）,4,3,0,1,3,2,1,0,,,,無,無,無,07:00,20:00,休業日は、4/1～6/30、9/1～3/31の月曜日（月曜日が祝日の場合は翌平日）、年末年始（12/29?1/1）,
愛知県民の森,アイチケンミンノモリ,愛知県新城市門谷字鳳来寺7-60,,園路（00490多目的広場便所）,3,2,1,,2,2,,0,,,,無,無,無,07:00,20:00,休業日は、4/1～6/30、9/1～3/31の月曜日（月曜日が祝日の場合は翌平日）、年末年始（12/29?1/1）,
愛知県民の森,アイチケンミンノモリ,愛知県新城市門谷字鳳来寺7-60,,駐車場（00520便所（駐車場））,4,3,,1,6,5,1,0,,,,無,無,無,07:00,20:00,休業日は、4/1～6/30、9/1～3/31の月曜日（月曜日が祝日の場合は翌平日）、年末年始（12/29?1/1）,
愛知県民の森,アイチケンミンノモリ,愛知県新城市門谷字鳳来寺7-60,,Ａキャンプ場（00040Ａゾーン便所１）,9,5,3,1,6,5,1,0,,,,無,無,無,07:00,20:00,休業日は、4/1～6/30、9/1～3/31の月曜日（月曜日が祝日の場合は翌平日）、年末年始（12/29?1/1）,
愛知県民の森,アイチケンミンノモリ,愛知県新城市門谷字鳳来寺7-60,,Ａキャンプ場（00750Ａゾーン便所２）,8,5,1,2,6,2,4,0,,,,無,無,無,07:00,20:00,休業日は、4/1～6/30、9/1～3/31の月曜日（月曜日が祝日の場合は翌平日）、年末年始（12/29?1/1）,
愛知県民の森,アイチケンミンノモリ,愛知県新城市門谷字鳳来寺7-60,,Ａキャンプ場（00760Ａゾーン便所３）,9,5,3,1,7,5,2,0,,,,無,無,無,07:00,20:00,休業日は、4/1～6/30、9/1～3/31の月曜日（月曜日が祝日の場合は翌平日）、年末年始（12/29?1/1）,
愛知県民の森,アイチケンミンノモリ,愛知県新城市門谷字鳳来寺7-60,,Ｂキャンプ場（00080Ｂゾーン便所１）,8,5,3,0,6,5,1,0,,,,無,無,無,07:00,20:00,休業日は、4/1～6/30、9/1～3/31の月曜日（月曜日が祝日の場合は翌平日）、年末年始（12/29?1/1）,
愛知県民の森,アイチケンミンノモリ,愛知県新城市門谷字鳳来寺7-60,,Ｂキャンプ場（00770Ｂゾーン便所２）,9,5,3,1,6,5,1,0,,,,無,無,無,07:00,20:00,休業日は、4/1～6/30、9/1～3/31の月曜日（月曜日が祝日の場合は翌平日）、年末年始（12/29?1/1）,
愛知県昭和の森,アイチケンショウワノモリ,愛知県豊田市西中山町長根1-1,,第５駐車場,4,3,,1,3,,3,,,,,無,無,無,00:00,24:00,,
愛知県昭和の森,アイチケンショウワノモリ,愛知県豊田市西中山町長根1-1,,第６駐車場,4,3,1,,3,3,,,,,1,有,有,有,00:00,24:00,,
愛知県緑化センター,アイチケンリョッカセンター,愛知県豊田市西中山町猿田21-1,,苗の広場,7,4,2,1,6,5,1,,,,2,有,無,有,00:00,24:00,,
愛知県緑化センター,アイチケンリョッカセンター,愛知県豊田市西中山町猿田21-1,,日本庭園,7,5,1,1,3,2,1,,,,,無,無,無,00:00,24:00,,
愛知県緑化センター,アイチケンリョッカセンター,愛知県豊田市西中山町猿田21-1,,第１駐車場,6,4,2,,5,5,,,,,2,有,無,無,00:00,24:00,,
愛知県緑化センター,アイチケンリョッカセンター,愛知県豊田市西中山町猿田21-1,,第２駐車場,4,3,,1,3,2,1,,,,1,有,無,無,00:00,24:00,,
愛知県緑化センター,アイチケンリョッカセンター,愛知県豊田市西中山町猿田21-1,,記念広場,4,3,,1,3,2,1,,,,1,有,有,有,00:00,24:00,,
愛知県植木センター,アイチケンウエキセンター,愛知県稲沢市堀之内町花ﾉ木129,,屋外トイレ,4,3,,1,2,1,1,,,,,無,無,無,09:00,17:00,休業日は、土日祝日、年末年始,
熱田神宮公園,アツタジングウコウエン,愛知県名古屋市熱田区旗屋1-10-45,,管理事務所南,9,6,1,2,6,2,4,0,0,0,1,有,無,無,07:00,19:00,多目的トイレに限る、また休館日は、月曜日（月曜日が祝日等にあたる場合は翌日以降の最初の休日でない日）8:30～17:30まで利用可能,
熱田神宮公園,アツタジングウコウエン,愛知県名古屋市熱田区旗屋1-10-45,,庭球場北,3,2,0,1,2,1,1,0,0,0,0,無,無,無,00:00,24:00,年間利用可能,
熱田神宮公園,アツタジングウコウエン,愛知県名古屋市熱田区旗屋1-10-45,,ゲートボール場北,7,5,1,1,4,1,3,0,0,0,0,無,無,無,00:00,24:00,年間利用可能,
新城総合公園,シンシロソウゴウコウエン,愛知県新城市浅谷字ヒヨイタ40,,西第１駐車場,5,4,0,1,4,1,3,0,0,0,0,無,有,無,00:00,24:00,年間利用可能,
新城総合公園,シンシロソウゴウコウエン,愛知県新城市浅谷字ヒヨイタ40,,西第２駐車場,5,4,0,1,4,1,3,0,0,0,1,有,有,無,07:00,19:00,多目的トイレに限る、また11月～2月は、7:00～18:00まで利用可能,
新城総合公園,シンシロソウゴウコウエン,愛知県新城市浅谷字ヒヨイタ40,,野球場南,4,3,0,1,3,1,2,0,0,0,0,無,有,無,00:00,24:00,年間利用可能,
新城総合公園,シンシロソウゴウコウエン,愛知県新城市浅谷字ヒヨイタ40,,中央広場,5,4,0,1,4,1,3,0,0,0,0,無,無,無,00:00,24:00,年間利用可能,
新城総合公園,シンシロソウゴウコウエン,愛知県新城市浅谷字ヒヨイタ40,,西第３駐車場,5,4,0,1,4,1,3,0,0,0,1,有,有,無,07:00,19:00,多目的トイレに限る、また11月～2月は、7:00～18:00まで利用可能,
新城総合公園,シンシロソウゴウコウエン,愛知県新城市浅谷字ヒヨイタ40,,芝生広場,4,3,0,1,3,1,2,0,0,0,0,無,有,無,00:00,24:00,年間利用可能,
新城総合公園,シンシロソウゴウコウエン,愛知県新城市浅谷字ヒヨイタ40,,空の広場,7,5,1,1,5,1,4,0,0,0,1,有,有,有,07:00,19:00,多目的トイレに限る、また11月～2月は、7:00～18:00まで利用可能,
新城総合公園,シンシロソウゴウコウエン,愛知県新城市浅谷字ヒヨイタ40,,かぶと広場,2,1,0,1,1,0,1,0,0,0,0,無,無,無,00:00,24:00,年間利用可能,
新城総合公園,シンシロソウゴウコウエン,愛知県新城市浅谷字ヒヨイタ40,,東第１駐車場,6,4,1,1,4,1,3,0,0,0,2,有,有,無,07:00,19:00,多目的トイレに限る、また11月～2月は、7:00～18:00まで利用可能,
新城総合公園,シンシロソウゴウコウエン,愛知県新城市浅谷字ヒヨイタ40,,わんぱく広場,6,4,1,1,4,1,3,0,0,0,2,有,有,有,07:00,19:00,多目的トイレに限る、また11月～2月は、7:00～18:00まで利用可能,
新城総合公園,シンシロソウゴウコウエン,愛知県新城市浅谷字ヒヨイタ40,,ニュースポーツ広場,3,2,0,1,2,1,1,0,0,0,1,有,有,無,07:00,19:00,多目的トイレに限る、また11月～2月は、7:00～18:00まで利用可能,
あいち健康の森公園,アイチケンコウノモリコウエン,愛知県大府市森岡町9-300,,第1駐車場,5,3,1,1,3,1,2,1,0,1,1,有,有,有,07:00,21:00,多目的トイレに限る,
あいち健康の森公園,アイチケンコウノモリコウエン,愛知県大府市森岡町9-300,,ふるさとの森,5,3,1,1,3,1,2,1,0,1,1,有,有,無,07:00,21:00,多目的トイレに限る,
あいち健康の森公園,アイチケンコウノモリコウエン,愛知県大府市森岡町9-300,,芝生広場,6,4,1,1,4,1,3,0,0,0,0,無,無,無,00:00,24:00,年間利用可能,
あいち健康の森公園,アイチケンコウノモリコウエン,愛知県大府市森岡町9-300,,第2駐車場,5,3,1,1,3,1,2,1,0,1,1,有,有,無,07:00,21:00,公園が休みの場合も記載時間内であれば利用可能,
あいち健康の森公園,アイチケンコウノモリコウエン,愛知県大府市森岡町9-300,,子どもの森北の原っぱ,5,3,1,1,3,1,2,1,0,1,1,有,有,無,07:00,21:00,公園が休みの場合も記載時間内であれば利用可能,
あいち健康の森公園,アイチケンコウノモリコウエン,愛知県大府市森岡町9-300,,子どもの森エントランス,6,4,1,1,3,1,2,0,0,0,0,無,無,無,00:00,24:00,年間利用可能,
あいち健康の森公園,アイチケンコウノモリコウエン,愛知県大府市森岡町9-300,,下池右岸,5,3,1,1,3,1,2,1,0,1,1,有,有,無,07:00,21:00,多目的トイレに限る,
あいち健康の森公園,アイチケンコウノモリコウエン,愛知県大府市森岡町9-300,,上池上流,5,3,1,1,3,1,2,1,0,1,1,有,有,無,07:00,21:00,多目的トイレに限る,
小幡緑地　（西園）,オバタリョクチ（ニシエン）,愛知県名古屋市守山区大字牛牧地内,,南駐車場,8,6,1,1,6,1,5,0,0,0,2,有,有,有,08:30,17:30,多目的トイレに限る,
小幡緑地　（西園）,オバタリョクチ（ニシエン）,愛知県名古屋市守山区大字牛牧地内,,児童広場,4,3,0,1,3,1,2,0,0,0,2,有,有,有,08:30,17:30,多目的トイレに限る,
小幡緑地　（西園）,オバタリョクチ（ニシエン）,愛知県名古屋市守山区大字牛牧地内,,幼児広場,2,1,0,1,2,1,1,0,0,0,2,有,有,有,08:30,17:30,多目的トイレに限る,
小幡緑地　（西園）,オバタリョクチ（ニシエン）,愛知県名古屋市守山区大字牛牧地内,,野球場,8,6,1,1,6,1,5,0,0,0,2,有,有,有,08:30,17:30,多目的トイレに限る,
小幡緑地　（西園）,オバタリョクチ（ニシエン）,愛知県名古屋市守山区大字牛牧地内,,北駐車場,3,2,0,1,3,1,2,0,0,0,2,有,有,有,08:30,17:30,多目的トイレに限る,
小幡緑地　（本園）,オバタリョクチ（ホンエン）,愛知県名古屋市守山区大字牛牧地内,,芝生広場Ｂ,7,5,1,1,4,1,3,0,0,0,1,有,無,無,08:30,17:30,多目的トイレに限る,
小幡緑地　（本園）,オバタリョクチ（ホンエン）,愛知県名古屋市守山区大字牛牧地内,,ゲートボール場,4,3,0,1,3,0,3,0,0,0,1,有,有,有,08:30,17:30,多目的トイレに限る,
小幡緑地　（本園）,オバタリョクチ（ホンエン）,愛知県名古屋市守山区大字牛牧地内,,児童園,3,2,0,1,2,1,1,0,0,0,0,無,無,無,00:00,24:00,年間利用可能,
小幡緑地　（本園）,オバタリョクチ（ホンエン）,愛知県名古屋市守山区大字小幡地内,,緑ヶ池駐車場,6,4,1,1,3,1,2,0,0,0,1,有,有,無,08:30,17:30,多目的トイレに限る,
小幡緑地　（本園）,オバタリョクチ（ホンエン）,愛知県名古屋市守山区大字小幡地内,,緑ヶ池南西,3,2,0,1,2,1,1,0,0,0,1,有,有,無,08:30,17:30,多目的トイレに限る,
小幡緑地　（本園）,オバタリョクチ（ホンエン）,愛知県名古屋市守山区大字牛牧地内,,芝生広場Ａ北,3,2,0,1,2,1,1,0,0,0,1,有,有,無,08:30,17:30,多目的トイレに限る,
小幡緑地　（本園）,オバタリョクチ（ホンエン）,愛知県名古屋市守山区大字牛牧地内,,弘法様駐車場,2,1,0,1,1,0,1,0,0,0,1,有,無,無,08:30,17:30,多目的トイレに限る,
小幡緑地　（本園）,オバタリョクチ（ホンエン）,愛知県名古屋市守山区大字牛牧地内,,芝生広場Ａ南,3,2,0,1,2,0,2,0,0,0,1,有,有,有,08:30,17:30,多目的トイレに限る,
小幡緑地　（東園）,オバタリョクチ（ヒガシエン）,愛知県尾張旭市霞ヶ丘町北地内,,児童野球場,2,1,0,1,1,0,1,0,0,0,0,無,有,無,00:00,24:00,年間利用可能,
小幡緑地　（東園）,オバタリョクチ（ヒガシエン）,愛知県尾張旭市霞ヶ丘町北地内,,ゲートボール場,4,3,0,1,3,1,2,0,0,0,0,無,有,無,00:00,24:00,年間利用可能,
小幡緑地　（東園）,オバタリョクチ（ヒガシエン）,愛知県尾張旭市霞ヶ丘町北地内,,詰所裏,4,3,0,1,3,1,2,0,0,0,1,有,無,無,08:30,17:30,多目的トイレに限る,
小幡緑地　（東園）,オバタリョクチ（ヒガシエン）,愛知県尾張旭市桜ｹ丘町西地内,,東駐車場,4,3,0,1,3,1,2,0,0,0,0,無,無,無,00:00,24:00,年間利用可能,
小幡緑地　（東園）,オバタリョクチ（ヒガシエン）,愛知県尾張旭市霞ヶ丘町北地内,,芝生広場北,4,3,0,1,3,1,2,0,0,0,0,無,無,無,00:00,24:00,年間利用可能,
大高緑地,オオダカリョクチ,愛知県名古屋市緑区大高町字高山1-1,,第一駐車場,7,5,1,1,4,1,3,1,0,1,1,有,有,有,07:00,19:00,多目的トイレに限る,
大高緑地,オオダカリョクチ,愛知県名古屋市緑区大高町字高山1-1,,野球場北,3,2,0,1,2,1,1,1,0,1,1,有,有,無,07:00,19:00,多目的トイレに限る,
大高緑地,オオダカリョクチ,愛知県名古屋市緑区大高町字高山1-1,,野球場西,3,2,0,1,2,1,1,1,0,1,1,有,有,無,07:00,19:00,多目的トイレに限る,
大高緑地,オオダカリョクチ,愛知県名古屋市緑区大高町字高山1-1,,カラフル,4,3,0,1,3,1,2,1,0,1,1,有,有,無,07:00,19:00,多目的トイレに限る,
大高緑地,オオダカリョクチ,愛知県名古屋市緑区大高町字高山1-1,,第７第８駐車場,4,3,0,1,3,1,2,1,0,1,1,有,有,無,07:00,19:00,多目的トイレに限る,
大高緑地,オオダカリョクチ,愛知県名古屋市緑区大高町字高山1-1,,第６駐車場,4,3,0,1,3,1,2,0,0,0,0,無,有,無,00:00,24:00,年間利用可能,
大高緑地,オオダカリョクチ,愛知県名古屋市緑区大高町字高山1-1,,恐竜広場,4,3,0,1,3,1,2,1,0,1,1,有,有,無,07:00,19:00,多目的トイレに限る,
大高緑地,オオダカリョクチ,愛知県名古屋市緑区大高町字高山1-1,,第３駐車場,4,3,0,1,3,1,2,0,0,0,0,無,有,無,00:00,24:00,年間利用可能,
大高緑地,オオダカリョクチ,愛知県名古屋市緑区大高町字高山1-1,,桜の園,4,3,0,1,3,1,2,0,0,0,0,無,有,無,00:00,24:00,年間利用可能,
大高緑地,オオダカリョクチ,愛知県名古屋市緑区大高町字高山1-1,,第２駐車場,6,4,1,1,4,2,2,0,0,0,0,無,有,無,00:00,24:00,年間利用可能,
大高緑地,オオダカリョクチ,愛知県名古屋市緑区大高町字高山1-1,,中央児童園,4,3,0,1,3,1,2,1,0,1,1,有,有,無,07:00,19:00,多目的トイレに限る,
大高緑地,オオダカリョクチ,愛知県名古屋市緑区大高町字高山1-1,,多目的広場,5,3,1,1,4,1,3,2,0,2,2,有,有,無,07:00,19:00,多目的トイレに限る,
大高緑地,オオダカリョクチ,愛知県名古屋市緑区大高町字高山1-1,,デイキャンプ場,3,2,0,1,2,1,1,1,0,1,1,有,有,無,07:00,19:00,多目的トイレに限る,
大高緑地,オオダカリョクチ,愛知県名古屋市緑区大高町字高山1-1,,若草山南,6,3,1,2,4,1,3,1,0,1,1,有,有,有,07:00,19:00,多目的トイレに限る,
大高緑地,オオダカリョクチ,愛知県名古屋市緑区大高町字高山1-1,,若草山北,3,2,0,1,6,0,6,1,0,1,1,有,有,有,07:00,19:00,多目的トイレに限る,
牧野ヶ池緑地,マキノガイケリョクチ,愛知県名古屋市名東区猪高町大字高針字梅森坂52-175,,ぼうけん広場,3,2,0,1,2,1,1,0,0,0,0,無,有,無,00:00,24:00,年間利用可能,
牧野ヶ池緑地,マキノガイケリョクチ,愛知県名古屋市名東区猪高町大字高針字梅森坂52-175,,芝生広場Ｃ,3,2,0,1,3,1,2,0,0,0,0,無,有,無,00:00,24:00,年間利用可能,
牧野ヶ池緑地,マキノガイケリョクチ,愛知県名古屋市名東区猪高町大字高針字梅森坂52-175,,管理事務所横,7,5,1,1,4,1,3,1,0,1,1,有,有,有,08:30,19:30,多目的トイレに限る,
牧野ヶ池緑地,マキノガイケリョクチ,愛知県名古屋市名東区猪高町大字高針字梅森坂52-175,,芝生広場Ｂ,3,2,0,1,2,1,1,1,0,1,1,有,有,無,08:30,19:30,多目的トイレに限る,
牧野ヶ池緑地,マキノガイケリョクチ,愛知県名古屋市名東区猪高町大字高針字梅森坂52-175,,わいわい広場南,3,2,0,1,2,1,1,1,0,1,1,有,有,無,08:30,19:30,多目的トイレに限る,
牧野ヶ池緑地,マキノガイケリョクチ,愛知県名古屋市名東区猪高町大字高針字梅森坂52-175,,わいわい広場北,4,3,0,1,3,1,2,1,0,1,1,有,有,無,08:30,19:30,多目的トイレに限る,
牧野ヶ池緑地,マキノガイケリョクチ,愛知県名古屋市名東区猪高町大字高針字梅森坂52-175,,西駐車場,8,5,1,2,6,1,5,2,0,2,1,有,有,無,08:30,19:30,多目的トイレに限る,
牧野ヶ池緑地,マキノガイケリョクチ,愛知県名古屋市名東区猪高町大字高針字梅森坂52-175,,自由広場横,4,3,1,1,4,1,3,2,0,2,1,有,有,無,08:30,19:30,多目的トイレに限る,
牧野ヶ池緑地,マキノガイケリョクチ,愛知県名古屋市名東区猪高町大字高針字梅森坂52-175,,南児童園,2,2,0,0,0,0,0,1,0,1,0,無,無,無,00:00,24:00,年間利用可能,大便器は男女共用
木曽川祖父江緑地,キソガワソブエリョクチ,愛知県稲沢市祖父江町祖父江鍋島132,,第一駐車場,5,3,1,1,3,1,2,0,0,0,0,無,無,無,00:00,24:00,年間利用可能,
木曽川祖父江緑地,キソガワソブエリョクチ,愛知県稲沢市祖父江町祖父江鍋島133,,第一駐車場,0,0,0,0,0,0,0,0,0,0,1,有,有,無,06:00,19:30,多目的トイレに限る、また10月～3月は、6:00～18:00まで利用可能,
木曽川祖父江緑地,キソガワソブエリョクチ,愛知県稲沢市祖父江町祖父江鍋島133,,展望広場,5,3,1,1,3,1,2,0,0,0,0,無,無,無,00:00,24:00,年間利用可能,
尾張広域緑道,オワリコウイキリョクドウ,愛知県小牧市大字本庄字南浦1020,,おもしろ自転車広場,2,1,0,1,2,1,1,0,0,0,0,無,無,無,00:00,24:00,年間利用可能,
尾張広域緑道,オワリコウイキリョクドウ,愛知県小牧市大字本庄字南浦1020,,小牧市下末地内,2,1,0,1,1,0,1,0,0,0,0,無,無,無,00:00,24:00,年間利用可能,
尾張広域緑道,オワリコウイキリョクドウ,愛知県小牧市大字本庄字南浦1020,,扶桑町高雄地内,2,1,0,1,1,0,1,1,0,0,1,有,無,無,00:00,24:00,年間利用可能,
東三河ふるさと公園,フルサトコウエン,愛知県豊川市御油町滝ヶ入11-2,,北第2駐車場,4,3,0,1,3,1,2,1,0,1,1,有,有,無,07:00,18:30,公園が休みの場合も記載時間内であれば利用可能、また10月～3月は、7:00～17:30まで利用可能,
東三河ふるさと公園,フルサトコウエン,愛知県豊川市御油町滝ヶ入11-2,,修景庭園,4,3,0,1,3,1,2,1,0,1,1,有,有,無,07:00,18:30,公園が休みの場合も記載時間内であれば利用可能、また10月～3月は、7:00～17:30まで利用可能,
東三河ふるさと公園,フルサトコウエン,愛知県豊川市御油町滝ヶ入11-2,,東三河あそび宿,3,2,0,1,2,1,1,1,0,1,1,有,有,無,07:00,18:30,公園が休みの場合も記載時間内であれば利用可能、また10月～3月は、7:00～17:30まで利用可能,
東三河ふるさと公園,フルサトコウエン,愛知県豊川市御油町滝ヶ入11-2,,三河山野草園,3,2,0,1,2,1,1,1,0,1,1,有,有,無,07:00,18:30,公園が休みの場合も記載時間内であれば利用可能、また10月～3月は、7:00～17:30まで利用可能,
東三河ふるさと公園,フルサトコウエン,愛知県豊川市御油町滝ヶ入11-2,,展望ツツジ園,2,1,0,1,1,0,1,1,0,1,1,有,有,無,07:00,18:30,公園が休みの場合も記載時間内であれば利用可能、また10月～3月は、7:00～17:30まで利用可能,
東三河ふるさと公園,フルサトコウエン,愛知県豊川市御油町滝ヶ入11-2,,ピクニック園地,3,2,0,1,2,1,1,1,0,1,1,有,有,無,07:00,18:30,公園が休みの場合も記載時間内であれば利用可能、また10月～3月は、7:00～17:30まで利用可能,
東三河ふるさと公園,フルサトコウエン,愛知県豊川市御油町滝ヶ入11-2,,七曲りの路,2,1,0,1,1,0,1,1,0,1,1,有,有,無,07:00,18:30,公園が休みの場合も記載時間内であれば利用可能、また10月～3月は、7:00～17:30まで利用可能,
東三河ふるさと公園,フルサトコウエン,愛知県豊川市御油町滝ヶ入11-2,,憩いの広場,4,3,0,1,3,1,2,1,0,1,1,有,有,無,07:00,18:30,公園が休みの場合も記載時間内であれば利用可能、また10月～3月は、7:00～17:30まで利用可能,
東三河ふるさと公園,フルサトコウエン,愛知県豊川市御油町滝ヶ入11-2,,南駐車場,4,3,0,1,3,1,2,1,0,1,1,有,有,無,07:00,18:30,公園が休みの場合も記載時間内であれば利用可能、また10月～3月は、7:00～17:30まで利用可能,
愛・地球博記念公園,アイ・チキュウハクキネンコウエン,愛知県長久手市茨ｹ廻間乙1533-1,,北エントランス,8,5,1,2,6,1,5,0,0,0,4,有,有,有,08:00,19:00,休館日は、火曜日（火曜日が祝日の場合はその翌日）、また4月～10月は、19:00まで、11月～3月は、18:30まで利用可能,
愛・地球博記念公園,アイ・チキュウハクキネンコウエン,愛知県長久手市茨ｹ廻間乙1533-1,,北１第2駐車場,4,3,0,1,4,0,4,0,0,0,1,有,有,有,08:00,19:00,休館日は、火曜日（火曜日が祝日の場合はその翌日）、また4月～10月は、19:00まで、11月～3月は、18:30まで利用可能,
愛・地球博記念公園,アイ・チキュウハクキネンコウエン,愛知県長久手市茨ｹ廻間乙1533-1,,北１第3駐車場,4,3,0,1,5,0,5,0,0,0,1,有,有,有,08:00,19:00,休館日は、火曜日（火曜日が祝日の場合はその翌日）、また4月～10月は、19:00まで、11月～3月は、18:30まで利用可能,
愛・地球博記念公園,アイ・チキュウハクキネンコウエン,愛知県長久手市茨ｹ廻間乙1533-1,,北2駐車場,3,2,0,1,2,0,2,0,0,0,1,有,有,有,08:00,19:00,休館日は、火曜日（火曜日が祝日の場合はその翌日）、また4月～10月は、19:00まで、11月～3月は、18:30まで利用可能,
愛・地球博記念公園,アイ・チキュウハクキネンコウエン,愛知県長久手市茨ｹ廻間乙1533-1,,東駐車場,3,2,0,1,2,0,2,0,0,0,1,有,有,有,08:00,19:00,土日祝のみ利用可能、また4月～10月は、19:00まで、11月～3月は、18:30まで利用可能,
愛・地球博記念公園,アイ・チキュウハクキネンコウエン,愛知県長久手市茨ｹ廻間乙1533-1,,青春の丘,2,1,0,1,2,0,2,0,0,0,1,有,有,有,08:00,19:00,休館日は、火曜日（火曜日が祝日の場合はその翌日）、また4月～10月は、19:00まで、11月～3月は、18:30まで利用可能,
愛・地球博記念公園,アイ・チキュウハクキネンコウエン,愛知県長久手市茨ｹ廻間乙1533-1,,円形広場,5,3,0,2,4,0,4,0,0,0,1,有,有,有,08:00,19:00,休館日は、火曜日（火曜日が祝日の場合はその翌日）、また4月～10月は、19:00まで、11月～3月は、18:30まで利用可能,
愛・地球博記念公園,アイ・チキュウハクキネンコウエン,愛知県長久手市茨ｹ廻間乙1533-1,,こどものひろば,5,4,0,1,4,1,3,0,0,0,1,有,有,有,08:00,19:00,休館日は、火曜日（火曜日が祝日の場合はその翌日）、また4月～10月は、19:00まで、11月～3月は、18:30まで利用可能,
愛・地球博記念公園,アイ・チキュウハクキネンコウエン,愛知県長久手市茨ｹ廻間乙1533-1,,西エントランス広場北,6,4,0,2,6,0,6,0,0,0,1,有,有,有,08:00,19:00,休館日は、火曜日（火曜日が祝日の場合はその翌日）、また4月～10月は、19:00まで、11月～3月は、18:30まで利用可能,
愛・地球博記念公園,アイ・チキュウハクキネンコウエン,愛知県長久手市茨ｹ廻間乙1533-1,,多目的広場,6,4,0,2,4,0,4,0,0,0,1,有,有,有,08:00,19:00,休館日は、火曜日（火曜日が祝日の場合はその翌日）、また4月～10月は、19:00まで、11月～3月は、18:30まで利用可能,
愛・地球博記念公園,アイ・チキュウハクキネンコウエン,愛知県長久手市茨ｹ廻間乙1533-1,,南駐車場,4,3,0,1,3,0,3,0,0,0,1,有,有,有,08:00,19:00,休館日は、火曜日（火曜日が祝日の場合はその翌日）、また4月～10月は、19:00まで、11月～3月は、18:30まで利用可能,
愛・地球博記念公園,アイ・チキュウハクキネンコウエン,愛知県長久手市茨ｹ廻間乙1533-1,,林床花園,0,0,0,0,0,0,0,0,0,0,1,有,有,有,08:00,19:00,休館日は、火曜日（火曜日が祝日の場合はその翌日）、また4月～10月は、19:00まで、11月～3月は、18:30まで利用可能,
愛・地球博記念公園,アイ・チキュウハクキネンコウエン,愛知県長久手市茨ｹ廻間乙1533-1,,親林楽園,0,0,0,0,0,0,0,0,0,0,1,有,有,有,08:00,19:00,休館日は、火曜日（火曜日が祝日の場合はその翌日）、また4月～10月は、19:00まで、11月～3月は、18:30まで利用可能,
愛・地球博記念公園,アイ・チキュウハクキネンコウエン,愛知県長久手市茨ｹ廻間乙1533-1,,あいちサトラボ,3,2,0,1,2,0,2,0,0,0,1,有,有,有,08:00,19:00,休館日は、火曜日（火曜日が祝日の場合はその翌日）、また4月～10月は、19:00まで、11月～3月は、18:30まで利用可能,
愛・地球博記念公園,アイ・チキュウハクキネンコウエン,愛知県長久手市茨ｹ廻間乙1533-1,,多目的球技場,4,3,0,1,4,0,4,0,0,0,1,有,有,有,08:00,19:00,休館日は、火曜日（火曜日が祝日の場合はその翌日）、また4月～10月は、19:00まで、11月～3月は、18:30まで利用可能,
愛・地球博記念公園,アイ・チキュウハクキネンコウエン,愛知県長久手市茨ｹ廻間乙1533-1,,大芝生広場南,6,3,0,3,5,0,5,0,0,0,1,有,有,有,08:00,19:00,休館日は、火曜日（火曜日が祝日の場合はその翌日）、また4月～10月は、19:00まで、11月～3月は、18:30まで利用可能,
愛・地球博記念公園,アイ・チキュウハクキネンコウエン,愛知県長久手市茨ｹ廻間乙1533-1,,野球場東,3,2,0,1,2,0,2,0,0,0,1,有,有,有,08:00,19:00,休館日は、火曜日（火曜日が祝日の場合はその翌日）、また4月～10月は、19:00まで、11月～3月は、18:30まで利用可能,
愛・地球博記念公園,アイ・チキュウハクキネンコウエン,愛知県長久手市茨ｹ廻間乙1533-1,,野球場西,3,2,0,1,2,0,2,0,0,0,1,有,有,有,08:00,19:00,休館日は、火曜日（火曜日が祝日の場合はその翌日）、また4月～10月は、19:00まで、11月～3月は、18:30まで利用可能,
油ヶ淵水辺公園,アブラガフチミズベコウエン,愛知県碧南市油渕町地内,,ハス池前,3,2,0,1,2,0,2,0,0,0,1,有,有,有,07:00,19:00,公園が休みの場合も記載時間内であれば利用可能、また10月～2月は、7:00～18:00まで利用可能,
油ヶ淵水辺公園,アブラガフチミズベコウエン,愛知県安城市東端町地内,,エントランス,3,2,0,1,3,0,3,0,0,0,1,有,有,有,07:00,19:00,公園が休みの場合も記載時間内であれば利用可能、また10月～2月は、7:00～18:00まで利用可能,
愛知県体育館,アイチケンタイイクカン,愛知県名古屋市中区二の丸1?1,,第2競技場東側,2,1,1,0,3,3,0,0,0,0,0,無,無,無,09:00,21:30,,
愛知県一宮総合運動場,アイチケンタイイクカンイチノミヤソウゴウウンドウジョウ,愛知県一宮市千秋町佐野向農756,,陸上競技場南側,8,5,1,2,4,1,3,1,0,1,1,有,有,有,09:00,17:00,水曜日以外,
愛知県一宮総合運動場,アイチケンタイイクカンイチノミヤソウゴウウンドウジョウ,愛知県一宮市千秋町佐野向農756,,陸上競技場西側,8,5,1,2,5,4,1,0,0,0,0,無,無,無,09:00,17:00,水曜日以外,
愛知県一宮総合運動場,アイチケンタイイクカンイチノミヤソウゴウウンドウジョウ,愛知県一宮市千秋町佐野向農756,,テニスコート西側,8,5,2,1,4,2,2,0,0,0,0,無,無,無,09:00,17:00,水曜日以外,
愛知県口論義運動公園,アイチケンコウロギウンドウコウエン,愛知県日進市北新町西口論義323?8,,野球場,1,3,0,2,1,0,2,0,0,0,0,無,無,無,00:00,24:00,,
愛知県口論義運動公園,アイチケンコウロギウンドウコウエン,愛知県日進市北新町西口論義323?8,,蹴球場,1,9,0,3,1,0,5,0,0,0,0,無,無,無,07:30,21:15,水曜日・年末年始除く,
愛知県口論義運動公園,アイチケンコウロギウンドウコウエン,愛知県日進市北新町西口論義323?8,,蹴球場,1,9,0,3,1,0,4,1,0,1,1,有,無,無,07:30,21:15,水曜日・年末年始除く,
愛知県総合射撃場,アイチケンソウゴウシャゲキジョウ,愛知県豊田市宇連野町ｳﾈ畑12-95,,ライフル棟西側,0,0,0,0,0,0,0,2,2,0,0,無,無,無,09:00,17:00,水曜日以外,
愛知県総合射撃場,アイチケンソウゴウシャゲキジョウ,愛知県豊田市宇連野町ｳﾈ畑12-95,,トラップ選手控室横,0,0,0,0,0,0,0,3,3,0,0,無,無,無,09:00,17:00,水曜日以外,
愛知県総合射撃場,アイチケンソウゴウシャゲキジョウ,愛知県豊田市宇連野町ｳﾈ畑12-95,,スキート選手控室横,0,0,0,0,0,0,0,3,3,0,0,無,無,無,09:00,17:00,水曜日以外,
